Name,Code,Type,Desc
OprUserCode,1,C,操作员
OprMode,2,C,操作方式
OprStation,3,C,操作站点
OprOrgNo,4,C,操作员机构
OrgNo,5,C,机构编号
FID_BCZJYE,501,C,本次资金余额
FID_BFXJJ,502,C,买风险金
FID_BGHF,503,C,买过户费
FID_BJE,504,C,买入金额
FID_BJSF,505,C,买经手费
FID_BPGDH,506,C,报盘股东号
FID_CODE,507,C,返回码
FID_MESSAGE,508,C,返回说明
FID_BSL,509,C,买入数量
FID_BYHS,510,C,买印花税
FID_BZ,511,C,币种
FID_BZBM,512,C,币种编码
FID_BZGF,513,C,买证管费
FID_BZMC,514,C,币种名称
FID_CBBD,515,R,成本变动
FID_MENUID_HC,516,I,互斥的菜单系统代码
FID_HLJE,517,R,红利金额
FID_CDMC,518,C,菜单名称
FID_CDTIME,519,C,菜单可用时间
FID_CDTS,520,C,菜单提示
FID_CDWZID,521,C,菜单位置ID
FID_CJBH,522,C,成交编号
FID_CJGY,523,C,创建柜员
FID_CJJE,524,C,成交金额
FID_CJJG,525,C,成交价格
FID_CJRQ,526,C,成交日期
FID_CJSJ,527,C,成交时间
FID_CJSL,528,C,成交数量
FID_CKLL,529,C,存款利率
FID_YKBD,530,R,盈亏变动
FID_CSZ,531,C,参数值
FID_DH,532,C,电话
FID_DJLB,533,C,冻结类别
FID_DH_SQCZR,534,C,授权操作人电话
FID_DZ_SQCZR,535,C,授权操作人地址
FID_MM_SQCZR,536,C,授权操作人密码
FID_QX_SQCZR,537,C,授权操作人权限
FID_XWID,538,I,席位编号
FID_XM_SQCZR,539,C,授权操作人姓名
FID_DRMCCJJE,540,C,当日卖出成交金额
FID_DRMCCJSL,541,C,当日卖出成交数量
FID_DRMCJDZJ,542,C,当日卖出解冻资金
FID_DRMCWTSL,543,C,当日卖出委托数量
FID_DRMRCJJE,544,C,当日买入成交金额
FID_DRMRCJSL,545,C,当日买入成交数量
FID_DRMRDJZJ,546,C,当日买入冻结资金
FID_DRMRWTSL,547,C,当日买入委托数量
FID_DRQS,548,C,当日已成交的清算资金
FID_DTB,549,C,跌停板
FID_DZ,550,C,地址
FID_DZLX,551,C,待转利息
FID_EMAIL,552,C,电子邮件
FID_EN_BZ,553,C,可操作的币种
FID_EN_JYS,554,C,可操作的交易所
FID_EN_KHH,555,C,可操作的客户号
FID_EN_KHQZ,556,C,允许操作的客户群组
FID_EN_YYB,557,C,允许操作的营业部
FID_EN_ZQLB,558,C,可操作的证券类别
FID_EX_KHH,559,C,不可操作的客户号
FID_EX_KHQZ,560,C,禁止操作的客户群组
FID_EX_YYB,561,C,禁止操作的营业部
FID_EX_ZQLB,562,C,禁止证券类别范围
FID_FATHERID,563,C,父菜单
FID_AUTOSAVE,564,I,自动保存
FID_FKEY,565,C,加速键
FID_FLDM,566,C,数据字典分类代码
FID_FLMC,567,C,数据字典分类名称
FID_FLTSL,568,C,非流通数量
FID_FSYYB,569,C,发生营业部
FID_FWXM,570,C,服务项目
FID_GDH,571,C,股东号
FID_GDLB,572,C,股东类别
FID_ZJBH_GDH,573,C,股东证件编号
FID_GDZDSX,574,I,股东指定属性
FID_GDXM,575,C,股东姓名
FID_GJDM,576,C,国籍代码
FID_GMRQ,577,C,柜员更密日期
FID_DATE,578,C,当前日期
FID_HKEY,579,C,热键
FID_HKEYMASK,580,C,组合键
FID_SHZD,581,I,自动发送上海指定
FID_IBM,582,C,数字编码
FID_JJR,583,C,经纪人代码
FID_JJRLB,584,C,经纪人类别
FID_JJRMM,585,C,经纪人密码
FID_JJRQX,586,C,经纪人权限
FID_JKP,587,C,今开盘
FID_JSDM,588,C,角色代码
FID_JSMC,589,C,角色名称
FID_JSRQ,590,C,结束日期
FID_JYDW,591,C,交易单位
FID_JYFL,592,C,交易分类
FID_JYFW,593,C,交易范围
FID_JYJW,594,C,交易价位
FID_JYLB,595,C,交易类别编码
FID_JYLBMC,596,C,交易类别名称
FID_JYLBXZ,597,C,交易类别限制
FID_JYMM,598,C,交易密码
FID_JYS,599,C,交易所编码
FID_JYSXH,600,I,交易所序号
FID_JYSJC,601,C,交易所名称
FID_JYSQC,602,C,交易所全称
FID_KCRQ,603,C,开仓日期
FID_KEYMASK,604,C,菜单组合键
FID_KHH,605,C,客户号
FID_KHJB,606,C,客户级别
FID_KHJL,607,C,客户经理
FID_KHLB,608,C,客户类别
FID_KHQC,609,C,客户全称
FID_KHQZ,610,C,客户群组
FID_KHRQ,611,C,开户日期
FID_KHSX,612,C,客户属性
FID_KHXM,613,C,客户姓名
FID_LSH_ZR,614,I,转入业务操作流水号
FID_KMCSL,615,C,可卖出数量
FID_KMRSL,616,C,可买入数量
FID_KQZJ,617,C,可取资金
FID_KSRQ,618,C,开始日期
FID_KYZJ,619,C,可用资金
FID_LL,620,C,利率
FID_YJLX,621,R,预计利息
FID_LXJS,622,R,利息积数
FID_LXS,623,R,预计利息税
FID_LXSL,624,R,利息税率
FID_MCJE,625,C,卖出金额
FID_MCJJ,626,C,卖出均价
FID_MCJS,627,C,卖出基数
FID_MCSL,628,C,卖出数量
FID_MENUID,629,C,菜单的系统代码
FID_MKBH,630,C,模块编号
FID_MM,631,C,密码
FID_MMXZ,632,C,买卖限制
FID_YKTZMS,633,I,盈亏调整模式
FID_MRJE,634,C,买入金额
FID_JYMQZ,635,C,交易码前缀
FID_MRJJ,636,C,买入均价
FID_MRJS,637,C,买入基数
FID_MRSL,638,C,买入数量
FID_NBMC,639,C,摘要内部名称
FID_NEWMM,640,C,新密码
FID_NODE,641,C,操作站点
FID_NOTE,642,C,说明
FID_PYDM,643,C,拼音代码
FID_PZBZ,644,C,是否打印凭证
FID_ZJZH_ZR,645,C,转入资金帐号
FID_QSJE,646,C,清算金额
FID_QSZJ,647,C,清算资金
FID_QYBM,648,C,区域编码
FID_QZFW,649,C,取值范围
FID_QZMC,650,C,群组名称
FID_RQ,651,C,日期
FID_RZJE,652,C,融资金额
FID_RZLL,653,C,融资利率
FID_SFXJJ,654,C,卖风险基金
FID_SGHF,655,C,卖过户费
FID_SJCD,656,C,数据长度
FID_SJE,657,C,卖出金额
FID_SJJJR,658,C,上级经纪人
FID_SJSF,659,C,卖经手费
FID_SJYYB,660,C,上级营业部
FID_SLXZ,661,C,数量限制
FID_CZCS,662,I,冲帐次数
FID_SRZJYE,663,C,上日资金余额
FID_SSL,664,C,卖出数量
FID_SXLB,665,C,属性类别
FID_SYHS,666,C,卖印花税
FID_SZGF,667,C,卖证管费
FID_T0JS,668,C,当日应交收资金
FID_T1JS,669,C,T+1清算应交收资金
FID_T2JS,670,C,T+2清算应交收资金
FID_TBCBJ,671,C,摊薄成本价
FID_TBTS,672,C,特别提示
FID_TJFL,673,C,统计分类
FID_TZJS,674,C,透支积数
FID_TZLL,675,C,透支利率
FID_CBTZMS,676,I,成本调整模式
FID_USERID,677,C,柜员号
FID_USERNAME,678,C,柜员名称
FID_VALUE,679,C,属性值
FID_WTFS,680,C,委托方式
FID_WTH,681,C,委托号
FID_WTJG,682,C,委托价格
FID_WTLB,683,C,委托类别
FID_WTSL,684,C,委托数量
FID_JSDM_HC,685,C,权限互斥的角色代码
FID_WTSX,686,C,委托上限
FID_WTXX,687,C,委托下限
FID_XHRQ,688,C,销户日期
FID_XLDM,689,C,学历代码
FID_XM,690,C,姓名
FID_GDZT,691,I,股东状态
FID_YHDM,692,C,银行代码
FID_YHZH,693,C,银行帐号
FID_YWKM,694,C,业务科目
FID_YWLB,695,C,业务类别
FID_YWMC,696,C,业务名称
FID_YYB,697,C,营业部
FID_KHH_ZR,698,C,转入客户号
FID_CLSJ,699,C,处理时间
FID_KHXM_ZR,700,C,转入客户姓名
FID_GYDM_ZP,701,C,指派柜员代码
FID_YZBM,702,C,邮政编码
FID_ZDBJ,703,C,最低报价
FID_ZDJ,704,R,最低价
FID_EN_WTH,705,C,委托合同号范围
FID_ZGBJ,706,C,最高报价
FID_ZGJ,707,R,最高价
FID_KHFLFS,708,I,客户分类方式
FID_ZHYE,709,C,帐户余额
FID_ZHZT,710,C,帐户状态
FID_ZJBH,711,C,证件编号
FID_YJDJCL,712,I,佣金定价策略
FID_ZJLB,713,C,证件类别
FID_ZJMM,714,C,资金密码
FID_ZJYE,715,C,资金余额
FID_ZJZH,716,C,资金帐号
FID_GDH_OLD,717,C,原股东号
FID_LJS1,718,R,累计佣金
FID_ZQDM,719,C,证券代码
FID_ZQLB,720,C,证券类别
FID_ZQLBMC,721,C,证券类别名称
FID_ZQMC,722,C,证券名称
FID_ZQQC,723,C,证券全称
FID_ZQSL,724,C,证券数量
FID_ZSBH,725,C,证书编号
FID_ZSP,726,C,昨收盘
FID_ZZHBZ,727,I,主帐户标志
FID_ZTB,728,C,涨停板
FID_ZXJ,729,C,最新价
FID_ZY,730,C,摘要
FID_ZYDM,731,C,职业代码
FID_ZZFS,732,C,转帐申请方式
FID_ZZJE,733,C,支汇票金额
FID_ZZKZ,734,C,转帐控制
FID_MMLB,735,C,密码类别
FID_HTHQZ,736,C,合同号前缀
FID_NEWQZ,737,C,新群组编号
FID_EN_ZJZH,738,C,可操作的资金帐号
FID_LOGICAL,739,C,逻辑判断操作（是、否）
FID_KHFW,740,C,客户范围
FID_SQFS,741,I,申请方式
FID_CKCS,742,C,存款次数限制
FID_CKZE,743,C,存款总额限制
FID_CKDBSX,744,C,存款单笔限制
FID_QKCS,745,C,取款次数限制
FID_QKZE,746,C,取款总额限制
FID_QKDBSX,747,C,取款单笔限制
FID_TBBBJ,748,C,摊薄保本价
FID_TBFDYK,749,C,摊薄浮动盈亏
FID_WTSJ,750,C,委托时间
FID_SBSJ,751,C,申报时间
FID_MMLBSM,752,C,买卖类别说明
FID_SBJG,753,C,申报结果
FID_SBJGSM,754,C,申报结果说明
FID_CXBZ,755,C,撤销标志
FID_DLSF,756,C,登录身份
FID_JCCL,757,C,今持仓量
FID_WJSSL,758,C,未交收数量
FID_CDCZDX,759,I,菜单操作对象
FID_ZXSZ,760,C,最新市值
FID_FDYK,761,C,浮动盈亏
FID_DGDHBZ,762,I,是否允许登记多股东号
FID_BROWINDEX,763,C,起始历史记录索引值
FID_DJZJ,764,C,冻结资金
FID_LOGINPWD,765,C,用户登录密码
FID_S1,766,C,佣金
FID_S2,767,C,印花税
FID_S3,768,C,过户费
FID_S4,769,C,附加费
FID_S5,770,C,结算费
FID_S6,771,C,交易规费
FID_YSJE,772,C,应收金额
FID_LXSR,773,R,利息收入
FID_LXFC,774,R,利息付出
FID_BZS1,775,C,标准佣金
FID_BCZQSL,776,C,本次股份余额
FID_BRZQSL,777,C,本日股份余额
FID_BRZJYE,778,C,本日资金余额
FID_GDJG,779,C,转帐勾对结果
FID_CSID,780,I,参数编号ID
FID_JMLX,781,C,加密类型
FID_SQLB,782,C,申请类别
FID_DLXH,783,I,登录序号
FID_ZPJE,784,C,支票金额
FID_GPSZ,785,C,股票市值
FID_MMYZFS,786,I,密码验证方式
FID_FZYZFS,787,I,辅助身份验证方式
FID_COUNT,788,C,笔数
FID_GDHH,789,C,股东号前缀
FID_GDHL,790,C,股东号长度
FID_ZQDML,791,C,证券代码长度
FID_ENDWTH,792,C,结束委托号
FID_LOGINID,793,C,登录ID
FID_ZHXM,794,C,帐户姓名
FID_JSZH,795,C,结算帐户
FID_FAX,796,C,传真FAX
FID_LSH,797,C,流水号
FID_HOST,798,C,主机地址
FID_TZLX,799,C,透支利息
FID_GSFL,800,C,公司级客户分类
FID_SRFS,801,C,输入方式
FID_XJZC,802,C,现金资产
FID_SRYE,803,C,上日余额
FID_ZHSX,804,C,帐户属性
FID_WJSJE,805,C,未交收金额
FID_CQBZ,806,C,存取标志
FID_YZZZBZ,807,C,银证转帐标志
FID_FSJE,808,C,发生金额
FID_NEWKHJL,809,C,迁入客户经理
FID_SCZJYE,810,C,上次资金余额
FID_SQPCH,811,I,申请批次号
FID_DJRQ,812,C,登记日期
FID_EN_GSFL,813,C,允许操作的客户公司分类
FID_ITEM,814,C,配置项
FID_XGRQ,815,C,修改日期
FID_CSJB,816,C,参数级别
FID_SXMC,817,C,属性名称
FID_PZH2,818,C,凭证号2
FID_LPID,819,C,礼品ID号
FID_LPBM,820,C,礼品编码
FID_LPMC,821,C,礼品名称
FID_LPJZ,822,C,礼品价值
FID_ZSFS,823,C,赠送方式
FID_ZCKZED,824,C,资产控制额度
FID_ZJKZED,825,C,资金控制额度
FID_DJJE,826,C,冻结金额
FID_YCDJJE,827,C,异常冻结金额
FID_QSDM,828,C,券商代码
FID_QSMC,829,C,券商名称
FID_JGSM,830,C,结果说明
FID_CLRQ,831,I,处理日期
FID_JGBM,832,C,机构编码
FID_JGMC,833,C,机构名称
FID_JGJC,834,C,机构简称
FID_CITY,835,C,城市
FID_PROVINCE,836,C,省份
FID_SJJG,837,C,上级机构
FID_SJJGLB,838,I,上级机构类别
FID_JGLB,839,I,机构类别
FID_EN_SJJGLB,840,C,允许上级机构类别范围
FID_EN_JYLB,841,C,允许的交易类别
FID_MRJG1,842,C,买入价格一
FID_MRSL1,843,C,买入数量一
FID_MRJG2,844,C,买入价格二
FID_MRSL2,845,C,买入数量二
FID_MRJG3,846,C,买入价格三
FID_MRSL3,847,C,买入数量三
FID_MRJG4,848,C,买入价格四
FID_MRSL4,849,C,买入数量四
FID_MCJG1,850,C,卖出价格一
FID_MCSL1,851,C,卖出数量一
FID_MCJG2,852,C,卖出价格二
FID_MCSL2,853,C,卖出数量二
FID_MCJG3,854,C,卖出价格三
FID_MCSL3,855,C,卖出数量三
FID_MCJG4,856,C,卖出价格四
FID_MCSL4,857,C,卖出数量四
FID_DYBL,858,R,抵押比例
FID_JJRXM,859,C,经纪人姓名
FID_TPBZ,860,C,停牌标志
FID_JSLX,861,I,结算类型
FID_HBXH,862,C,回报序号
FID_SBGDH,863,C,三板股东号
FID_WTGY,864,C,委托柜员
FID_FSSJ,865,C,发生时间
FID_WTZKXS,866,C,委托折扣系数
FID_CXZKXS,867,C,查询折扣系数
FID_QTZKXS,868,C,前台折扣系数
FID_ZQSZ,869,C,证券市值
FID_KYZJXE,870,R,可用资金限额
FID_XMLSH,871,I,项目流水号
FID_ZCZH,872,C,转存帐号
FID_ZCBL,873,C,转存比例
FID_SFFS,874,C,收费方式
FID_SFBZ,875,C,收费标准
FID_JFFS,876,C,计费方式
FID_JFQD,877,C,计费起点
FID_JFDW,878,C,计费单位
FID_CZSJ,879,C,操作时间
FID_CLJG,880,C,处理结果
FID_GYFL,881,C,柜员分类
FID_WBGYDM,882,C,外部柜员代码
FID_XQXZ,883,C,星期限制
FID_ZCXZ,884,C,注册限制
FID_SLSX,885,C,数量上限
FID_CDSL,886,C,撤单数量
FID_YJZKBL,887,R,佣金折扣比例
FID_FJFZKBL,888,R,附加费折扣比例
FID_BH,889,C,编号
FID_SHXYM,890,C,审核校验码
FID_ZLLB,891,C,指令类别
FID_CDJSP,892,C,菜单JSP
FID_EN_NODE,893,C,允许操作站点
FID_EN_MYYYB,894,C,允许漫游营业部范围
FID_ZJGMRQ,895,I,系统用户最近更密日期
FID_JGSX,896,I,机构属性
FID_CDSX,897,I,参数属性
FID_BM,898,I,数据字典编码
FID_BMSM,899,C,数据字典编码说明
FID_CDDLL,900,C,菜单DLL名称
FID_SXZ,901,C,属性值
FID_YHSX,902,C,银行属性
FID_YHYW,903,C,银行业务
FID_ZQYW,904,C,证券业务
FID_ZJMMXY,905,C,资金密码效验
FID_JYMMXY,906,C,交易买卖效验
FID_YHMMXY,907,C,银行买卖效验
FID_YHMC,908,C,银行名称
FID_HBLB,909,C,货币类别
FID_WBZHMM,910,C,外部帐户密码
FID_DYBS,911,C,转帐对应标识
FID_SQH,912,C,申请号
FID_WBLSH,913,C,外部流水号
FID_BDDJJE,914,R,本地冻结金额
FID_CJBS,915,I,成交笔数
FID_SHLB,916,C,审核类别
FID_SHJG,917,C,审核结果
FID_YEGXSJ,918,C,余额更新时间
FID_QSMM,919,C,券商密码
FID_MMMY,920,C,密码密钥
FID_CSMY,921,C,传输密钥
FID_FJXX,922,C,附加信息
FID_WBCLJG,923,C,外部处理结果
FID_SQWD,924,C,申请网点
FID_XYBZ,925,C,效验标志
FID_CXSQH,926,C,撤销申请号
FID_JYBS,927,C,交易标识
FID_CLLB,928,C,处理类别
FID_ZHLB,929,C,帐户类别
FID_FQF,930,C,发起方
FID_HZBS,931,C,汇总笔数
FID_HZJE,932,C,汇总金额
FID_LY,933,C,来源
FID_WDH,934,C,网点号
FID_QD1,935,C,起点一
FID_QD2,936,C,起点二
FID_QD3,937,C,起点三
FID_QD4,938,C,起点四
FID_QD5,939,C,起点五
FID_BL1,940,C,佣金一
FID_BL2,941,C,佣金二
FID_BL3,942,C,佣金三
FID_BL4,943,C,佣金四
FID_BL5,944,C,佣金五
FID_KHJCGX,945,C,客户继承关系
FID_SYZH1,946,C,收益帐号一
FID_SYZH2,947,C,收益帐号二
FID_JSTS,948,C,计算天数
FID_TJJYR,949,C,统计交易日
FID_TJTS,950,C,统计天数
FID_FPBL,951,C,分配比例
FID_ZKFS,952,C,折扣方式
FID_ZJED,953,C,资金额度
FID_ZCED,954,C,资产额度
FID_GLF,955,C,管理费
FID_YJDX,956,C,佣金底限
FID_EX_JYLB,957,C,禁止交易类别
FID_BDSL,958,C,变动数量
FID_HZFS,959,C,汇总方式
FID_LPSL,960,C,礼品数量
FID_LXBJ,961,C,利息报价
FID_KLX,962,C,卡类型
FID_KMC,963,C,卡名称
FID_BSC,964,C,标识串
FID_BSCKSWZ,965,C,标识串开始位置
FID_FJC,966,C,附加串
FID_FJCKSWZ,967,C,附加串开始位置
FID_KHKSWZ,968,C,卡号开始位置
FID_KHCD,969,C,卡号长度
FID_EN_YWKM,970,C,允许业务科目
FID_ZRSZ,971,C,昨日市值
FID_NEXTDATA,972,C,继续取数标志
FID_SYL,973,C,收益率
FID_FHS1,974,C,已返还佣金
FID_GJBM1,975,C,国籍编码一
FID_GJBM2,976,C,国籍编码二
FID_GJBM3,977,C,国籍编码三
FID_GJMC,978,C,国籍名称
FID_EGJMC,979,C,国籍英文名称
FID_CCCB,980,C,持仓成本
FID_BDRQ,981,C,变动日期
FID_MMXYLX,982,C,密码效验类型
FID_XZSJ,983,C,限制时间
FID_KHDXLX,984,C,客户对象类型
FID_JYSXGX,985,C,交易所相关性
FID_BZXGX,986,C,币种相关性
FID_QZXGX,987,C,群组相关性
FID_EXFLG,988,C,查询扩展信息标志
FID_MAX_D,989,C,最大值（浮点）
FID_MIN_D,990,C,最小值（浮点）
FID_MAX_L,991,C,最大值（整型）
FID_MIN_L,992,C,最小值（整型）
FID_GYFJQX,993,C,柜员附加权限
FID_ZHTZE,994,C,帐户投资额
FID_QSJE_B,995,C,回报买清算资金
FID_QSJE_S,996,C,回报卖清算资金
FID_FDYK_TB,997,C,摊薄浮动盈亏
FID_LLCSLB,998,C,利率参数类别
FID_EX_JJR,999,C,禁止经纪人
FID_FHFS,1000,C,佣金返还方式
FID_BZ_FH,1001,C,佣金返还币种
FID_HBDHBL,1002,C,货币兑换比例
FID_SYZH3,1003,C,收益帐户3
FID_SYBL1,1004,C,收益比例1
FID_SYBL2,1005,C,收益比例2
FID_SYBL3,1006,C,收益比例3
FID_GDKZSX,1007,I,股东控制属性
FID_RCKHH,1008,I,容错客户号标志
FID_RQ2,1009,C,日期2
FID_EN_YXZZDM,1010,C,营销组织代码范围
FID_SBWTH,1011,C,申报委托号
FID_CITYID,1012,C,城市ID
FID_DDLX,1013,I,订单类型
FID_SECTIONID,1014,C,辖区ID
FID_SECTION,1015,C,辖区名称
FID_SFZQ,1016,C,收费周期
FID_WTPCH,1017,I,委托批次号
FID_KXDLSF,1018,I,可选登录身份
FID_EN_YWLB,1019,C,业务类别范围
FID_BZDM,1020,C,标准代码
FID_WBDM,1021,C,外部代码
FID_CSDM,1022,C,参数代码
FID_CSMC,1023,C,参数名称
FID_QZSM,1024,C,取值说明
FID_EN_FJBZ,1025,C,允许的附加标志
FID_HYMC,1026,C,行业名称
FID_JSJG,1027,C,结算机构
FID_CWLX,1028,C,错误类型
FID_CWDM,1029,C,错误类型
FID_CWSM,1030,C,错误类型
FID_ZXZS,1031,C,最新指数
FID_TZEBZ,1032,C,投资额标志
FID_KBBZ,1033,C,佣金捆绑标志
FID_KHTZFL,1034,C,客户投资分类
FID_ZJZR,1035,C,转入资金
FID_ZJZC,1036,C,转出资金
FID_SZZR,1037,C,转入市值
FID_SZZC,1038,C,转出市值
FID_MKKZ,1039,I,卖空控制
FID_MFCS,1040,C,免费登录次数
FID_XZCS,1041,C,限制登录次数
FID_SJSX_A,1042,C,每日使用总时间上限
FID_SJSX_S,1043,C,每日使用单站点时间上限
FID_MMCSCS,1044,C,密码尝试次数
FID_ZDJDTS,1045,C,自动解冻天数
FID_MFHQCS,1046,C,免费查询行情次数
FID_HQSFSX,1047,C,行情收费上限
FID_HKSFSX,1048,C,划卡收费上限
FID_SJSFSX,1049,C,使用时间收费上限
FID_ZSFSX,1050,C,总收费上限
FID_DBYJXX,1051,C,单笔佣金下限
FID_DBYJSX,1052,C,单笔佣金上限
FID_ZCJJE,1053,R,总成交金额
FID_YJDJFS,1054,C,佣金定价方式XTDM.YJDJFS
FID_FHGY,1055,C,复核柜员
FID_TJZQLB,1056,C,统计证券类别
FID_DJJSFS,1057,I,佣金定价结算方式
FID_FDBH,1058,C,分段编号
FID_CFCDBZ,1059,I,是否允许重复撤单
FID_ZHDM,1060,C,专户代码
FID_TZDW,1061,C,投资单位
FID_TZXX,1062,C,投资下限
FID_SYZKXS,1063,C,收益折扣系统
FID_SYTZFS,1064,C,收益投资方式
FID_TZJESX,1065,C,投资金额上限
FID_ZJLCDS,1066,C,资金留存底数
FID_TZBDJE,1067,C,投资额变更数
FID_ZHKHH,1068,C,专户客户号
FID_ZHZJZH,1069,C,专户资金账户
FID_LCJZJE,1070,C,理财集中金额
FID_LCFHJE,1071,C,理财返还金额
FID_SYZTZBZ,1072,C,理财收益再投资标志
FID_SYZTZZQ,1073,C,收益再投资周期
FID_LCZSY,1074,C,理财总收益
FID_SYZCJE,1075,C,理财收益转存金额
FID_SYZTZE,1076,C,收益再投资金额
FID_XYBH,1077,C,协议编号
FID_LCTZJE,1078,C,理财投资金额
FID_SGDM,1079,C,专户申购代码
FID_CLBZ,1080,C,处理标志
FID_FPSY,1081,C,分配收益
FID_GBZQL,1082,C,公布中签率
FID_SGSL,1083,C,申购数量
FID_SGJG,1084,C,申购价格
FID_SSRQ,1085,C,上市日期
FID_HKRQ,1086,C,还款日期
FID_SSDM,1087,C,上市代码
FID_PHDM,1088,C,配号代码
FID_HKDM,1089,C,还款代码
FID_SGRQ,1090,C,申购日期
FID_JEBL,1091,C,金额比率
FID_LCJZQTJE,1092,C,理财集中金额
FID_HZGDH,1093,C,合作股东号
FID_SYDX,1094,C,适用对象
FID_JYLJSFS,1095,C,交易量计算方式
FID_JYLLJZQ,1096,C,交易量累计周期
FID_DJFS,1097,C,定价方式
FID_BBJ,1098,C,保本价
FID_HZLB,1099,C,合作帐户类别
FID_FSJE_LCBJ,1100,C,本金发生金额
FID_BCYE_LCBJ,1101,C,本次本金余额
FID_FSJE_SY,1102,C,收益发生金额
FID_BCYE_SY,1103,C,待转收益余额
FID_FSJE_BZJ,1104,C,保证金发生额
FID_BCYE_BZJ,1105,C,保证金帐户余额
FID_HZLBMC,1106,C,合作类别名称
FID_KSFW,1107,C,起始范围
FID_JSFW,1108,C,结束范围
FID_ZDKZBZ,1109,I,指定控制标志
FID_KHS,1110,C,开户户数
FID_XHS,1111,C,销户户数
FID_ZHS,1112,C,总户数
FID_ZDGDHS,1113,C,指定股东户数
FID_CXZDHS,1114,C,撤销股东户数
FID_CCGDHS,1115,C,持仓股东户数
FID_TJZJYE,1116,C,统计资金余额
FID_TJZJCK,1117,C,统计增加存款
FID_TJZJQK,1118,C,统计增加取款
FID_TJZJGP,1119,C,统计增加市值
FID_TJJSGP,1120,C,统计减少市值
FID_TJGPSZ,1121,C,统计股票市值
FID_TJZZC,1122,C,统计总资产
FID_FDB1,1123,C,统计分段开始1
FID_FDE1,1124,C,统计分段结束1
FID_FDB2,1125,C,统计分段开始2
FID_FDE2,1126,C,统计分段结束2
FID_FDB3,1127,C,统计分段开始3
FID_FDE3,1128,C,统计分段结束3
FID_FDB4,1129,C,统计分段开始4
FID_FDE4,1130,C,统计分段结束4
FID_FDB5,1131,C,统计分段开始5
FID_FDE5,1132,C,统计分段结束5
FID_FDB6,1133,C,统计分段开始6
FID_FDE6,1134,C,统计分段结束6
FID_TJJGGS,1135,C,统计结果个数
FID_TJJGSJ,1136,C,统计结果数据
FID_QSBZ,1137,C,实时清算标志
FID_TZJE,1138,C,透支金额
FID_WJSZJ,1139,C,未交收资金
FID_ZJDJLSH,1140,I,资金冻结流水号
FID_YDZD,1141,C,应答字段
FID_YDZDSM,1142,C,应答字段说明
FID_YDSJ,1143,C,应答数据
FID_JCJJE,1144,C,净成交金额
FID_YXHS,1145,C,有效户数
FID_CJSLBL,1146,C,成交数量比例
FID_CJJEBL,1147,C,成交金额比例
FID_S1BL,1148,C,佣金收入比例
FID_ZZCBL1,1149,C,营业部的资产比例
FID_ZZCBL2,1150,C,总公司的资产比例
FID_ZSLBL1,1151,C,营业部的数量比例
FID_ZSLBL2,1152,C,总公司的数量比例
FID_ZHSBL1,1153,C,营业部的户数比例
FID_ZHSBL2,1154,C,总公司的户数比例
FID_JEXX,1155,C,金额下限
FID_ZQDJLSH,1156,I,证券冻结流水号
FID_WTSB,1157,C,银证转帐参数的申报状态
FID_QDBZ,1158,C,银证转帐参数的签到标志
FID_WBZH,1159,C,外部帐号
FID_SQBH,1160,C,业务申请编号
FID_WBCKKY,1161,C,外部帐户参考可用余额
FID_WBCKKQ,1162,C,外部帐户参考可取资金余额
FID_WBDJJE,1163,C,外部帐户参考冻结金额
FID_JYXZ,1164,C,银证通交易限制
FID_ZJXYFS,1165,C,银证通资金校验方式
FID_HBBZ,1166,C,银证通资料回报类型
FID_ZJHZFS,1167,C,银证通资金回转方式
FID_DRQKJE,1168,R,当日取款金额
FID_JGKZBZ,1169,I,价格控制标志
FID_ZZJSSJ,1170,C,银证转帐停止正常转帐交易的时间
FID_CZDRZXBZ,1171,I,撤指当日是否允许注销
FID_LSH_LXS,1172,I,收取利息税的业务流水号
FID_LX,1173,R,利息
FID_ZJMXLSH,1174,I,资金明细流水号
FID_YSSL,1175,I,应收数量
FID_BBYK,1176,R,本笔盈亏
FID_JYSFY,1177,R,交易所费用
FID_BCJKYE,1178,R,本次借款余额
FID_KSGSL,1179,I,可申购数量
FID_ZSZBL1,1180,C,营业部的市值比例
FID_ZSZBL2,1181,C,总公司的市值比例
FID_QCKHS,1182,C,期初客户数
FID_QMKHS,1183,C,期末客户数
FID_KSHSL,1184,I,可赎回数量
FID_EN_ZQDM,1185,C,证券代码范围
FID_XCMRJ,1186,C,现钞买入价
FID_XCMCJ,1187,C,现钞卖出价
FID_XHMRJ,1188,C,现汇买入价
FID_XHMCJ,1189,C,现汇卖出价
FID_GSBL,1190,C,估算比例
FID_HLBZ,1191,C,汇率标志
FID_DRCKJE,1192,C,当日帐户存款金额
FID_TZCKJE,1193,C,当日通知存款金额
FID_JGMC_E,1194,C,机构英文名称
FID_FRDB,1195,C,法人代表
FID_WTQR,1196,C,委托确认库
FID_HYLB,1197,C,行业类别
FID_YWFW,1198,C,业务范围
FID_ZCDZ,1199,C,注册地址
FID_ZCZB,1200,C,注册资本
FID_ZCYE,1201,C,资产余额
FID_FZYE,1202,C,负债余额
FID_YSZC,1203,C,原始资产
FID_CXWTH,1204,I,撤单撤销委托号
FID_YWXZ,1205,C,业务限制
FID_SJXM,1206,C,审计项目
FID_SJMC,1207,C,审计名称
FID_JS,1208,C,债券增值积数
FID_CCJJ,1209,C,持仓均价
FID_LJYK,1210,C,累计盈亏
FID_PGSL,1211,C,配股数量
FID_BL,1212,C,比例
FID_CSLB,1213,C,参数类别
FID_FJBZ,1214,C,附加标识
FID_QZQKBZ,1215,C,强制取款标志
FID_SBRQ,1216,I,委托申报日期
FID_ZCXX,1217,C,资产下限
FID_ZCSX,1218,C,资产上限
FID_TIME,1219,C,操作时间
FID_PGJE,1220,C,配股金额
FID_TGZH,1221,C,债券系统托管帐户
FID_GZQX,1222,C,国债期限
FID_HGTS,1223,C,回购天数
FID_GZJYSX,1224,C,国债交易属性
FID_ISLOGIN,1225,I,是否登录标志
FID_GZNBDM,1226,C,债券内部代码
FID_GZFJSX,1227,C,国债附加属性
FID_GZMZSX,1228,C,面值属性
FID_GZJXTS,1229,C,国债计息天数
FID_FXJG,1230,C,债券发行价格
FID_TGBH,1231,C,托管编号
FID_DYSL,1232,C,抵押数量
FID_TGRQ,1233,C,托管日期
FID_SXF,1234,C,手续费
FID_DJSL,1235,C,冻结数量
FID_CQDJ,1236,C,长期冻结
FID_JYFY,1237,C,交易费用
FID_DQBX,1238,C,债券到期本息
FID_GZLL,1239,C,国债利率
FID_DQRQ,1240,C,到期（兑付日期）
FID_JXRQ,1241,C,开始记息日期
FID_LTRQ,1242,C,开始流通日期
FID_FXZQDJR,1243,C,派息登记日
FID_ZQFXRQ,1244,C,派息日
FID_DFZQDJR,1245,C,兑付登记日
FID_BRLX,1246,C,本日利息
FID_HGJG,1247,C,回购价格
FID_GHJG,1248,C,购回价格
FID_KTBZ,1249,C,开通标志
FID_HGSL,1250,C,回购数量
FID_HGRQ,1251,C,回购日期
FID_GHRQ,1252,C,购回日期
FID_ZRTGZH,1253,C,转入托管帐户
FID_QTZC,1254,C,其他资产
FID_ZZC,1255,C,总资产
FID_WQSZJ,1256,C,未清算资金
FID_JGDM,1257,C,机构代码
FID_DFSXFL,1258,C,兑付手续费率
FID_DFLXSL,1259,C,兑付利息税率
FID_JXFS,1260,C,计息方式
FID_CSSM,1261,C,参数说明
FID_SZSM,1262,C,参数设置说明
FID_XGGY,1263,C,修改柜员
FID_LOGINNAME,1264,C,登录用户名称
FID_MRDLSF,1265,I,默认登录身份
FID_MGZC,1266,R,每股资产
FID_SNMGSY,1267,R,上年每股收益
FID_XZJB,1268,I,限制级别
FID_EN_MCQZ,1269,C,名称前缀范围
FID_BDZQDM,1270,C,本地证券代码
FID_LYJBL,1271,R,履约金比例
FID_RQWGHZJ,1272,R,融券未购回资金(权益)
FID_RZWGHZJ,1273,R,融资未购回资金(负债)
FID_BWJSZJ,1274,R,买入未交收资金
FID_SWJSZJ,1275,R,卖出未交收资金
FID_YSYXYED,1276,R,已使用信用额度
FID_DJWTK,1277,C,登记委托库
FID_DJHBK,1278,C,登记回报库
FID_CDSB,1279,C,撤单申报库
FID_CDQR,1280,C,撤单确认库
FID_WTQRNO,1281,I,委托确认笔数
FID_CDQRNO,1282,I,撤单确认笔数
FID_TYPE_BF,1283,I,备份通道类型
FID_MODULE_BF,1284,C,备份申报模块
FID_HOST_BF,1285,C,备份申报主机地址
FID_WTSB_BF,1286,C,备份委托申报库
FID_WTQR_BF,1287,C,备份委托确认库
FID_CDSB_BF,1288,C,备份撤单申报库
FID_CDQR_BF,1289,C,备份撤单确认库
FID_WTQRNO_BF,1290,I,备份通道委托申报确认笔数
FID_CDQRNO_BF,1291,I,备份通道撤单确认笔数
FID_TDBH,1292,I,通道编号
FID_EN_TDBH,1293,C,通道编号范围
FID_LTXW,1294,C,联通席位
FID_YYBXZMS,1295,I,营业部限制模式
FID_ZQLBXZMS,1296,I,证券类别限制模式
FID_SBBS,1297,I,申报笔数
FID_SBBS_S,1298,I,单次轮询最大申报笔数
FID_JGSJ,1299,I,间隔时间
FID_YXHSBL1,1300,C,营业部有效户数比例
FID_YXHSBL2,1301,C,总部有效户数比例
FID_ENDKHH,1302,C,结束客户号
FID_FILESIZE,1303,C,文件大小
FID_FILETRANSIZE,1304,C,文件传送时的大小
FID_YJXX,1305,C,最低佣金
FID_YJSX,1306,C,最高佣金
FID_YHSL,1307,C,印花税率
FID_GHFL,1308,C,过户费率
FID_GHFXX,1309,C,最低过户费
FID_GHFSX,1310,C,最高过户费
FID_FJF,1311,C,附加费
FID_JSFL,1312,R,结算费率
FID_JSFXX,1313,C,最低结算费
FID_JSFSX,1314,C,最高结算费
FID_JYGFL,1315,C,交易规费率
FID_JYGFXX,1316,C,交易规费下限
FID_JYGFSX,1317,C,交易规费上限
FID_QTFL,1318,C,其它费率
FID_QTFXX,1319,C,最低其他费用
FID_QTFSX,1320,C,最高其他费用
FID_FID,1321,I,FIX包中的FID编号
FID_EN_XWH,1322,C,席位号范围
FID_FWDM,1323,C,客户服务代码
FID_FWMC,1324,C,客户服务名称
FID_FWLX,1325,C,客户服务类型
FID_SLZ,1326,C,客户服务受理主体
FID_CLFS,1327,C,客户服务处理方式
FID_FILE,1328,C,文件名
FID_FILE2,1329,C,文件名二
FID_PROCNAME,1330,C,过程名
FID_CSXH,1331,C,参数序号
FID_TYPE,1332,C,参数类型
FID_QSZ,1333,C,缺省值
FID_CJHB,1334,C,成交回报库
FID_CS1,1335,C,参数1
FID_CS2,1336,C,参数2
FID_CS3,1337,C,参数3
FID_CS4,1338,C,参数4
FID_CS5,1339,C,参数5
FID_CS6,1340,C,参数6
FID_CS7,1341,C,参数7
FID_CS8,1342,C,参数8
FID_CS9,1343,C,参数9
FID_CS10,1344,C,参数10
FID_CS11,1345,C,参数11
FID_CS12,1346,C,参数12
FID_CS13,1347,C,参数13
FID_CS14,1348,C,参数14
FID_CS15,1349,C,参数15
FID_OPTERATOR,1350,C,核心开户操作类型
FID_OPTION,1351,C,核心开户参数1
FID_PACKINDEX,1352,C,数据包序列号
FID_GYDM,1353,C,柜员代码
FID_JYJS,1354,C,交易基数
FID_QTSX,1355,C,其他属性
FID_TDJY,1356,C,替代交易
FID_MRJG5,1357,C,买入价格5
FID_MRSL5,1358,C,买入数量5
FID_MCJG5,1359,C,卖出价格5
FID_MCSL5,1360,C,卖出数量5
FID_ZQSZ_RMB,1361,C,人民币证券市值
FID_ZQSZ_USD,1362,C,美元证券市值
FID_ZQSZ_HKD,1363,C,港币证券市值
FID_ZQSZ_ZSRMB,1364,C,总证券市值折算人民币
FID_ZJYE_RMB,1365,C,人民币资金余额
FID_ZJYE_USD,1366,C,美元资金余额
FID_ZJYE_HKD,1367,C,港币资金余额
FID_ZJYE_ZSRMB,1368,C,总资金余额折算人民币
FID_QTZC_RMB,1369,C,人民币其他资产
FID_QTZC_USD,1370,C,美元其他资产
FID_QTZC_HKD,1371,C,港币其他资产
FID_QTZC_ZSRMB,1372,C,总其他资产折算人民币
FID_LASTRECNO,1373,I,最近回报记录号
FID_HTHQZFW,1374,C,合同号前缀范围
FID_TZZHDM,1375,C,投资组合代码
FID_TZZHMC,1376,C,投资组合代码
FID_TZZHQZ,1377,C,投资组合代码
FID_TZZHLB,1378,C,投资组合代码
FID_HTHQJ,1379,C,合同号区间
FID_FWLB,1380,C,服务类别
FID_XMZX,1381,C,项目子项
FID_DZLB,1382,C,主动推送允许地址类别
FID_QSDZLB,1383,C,主动推送缺省地址类别
FID_SJFY,1384,C,手机短信方式的服务收费标准
FID_YJFY,1385,C,EMAIL方式的服务收费标准
FID_ZF,1386,C,涨幅
FID_DF,1387,C,跌幅
FID_FSCS,1388,C,发送次数
FID_HQNR,1389,C,行情点播内容
FID_ZDSJ,1390,C,行情点播允许发送指定时间点
FID_SJQJ,1391,C,行情点播允许发送时间区间
FID_XWZBH,1392,I,席位组编号
FID_XJDM,1393,C,现金代码(ETF)
FID_RGDM,1394,C,认购代码(ETF)
FID_RGQRDM,1395,C,认购确认代码
FID_XWZMC,1396,C,席位组名称
FID_RIGH,1397,C,坐席用户权限
FID_MGSY,1398,C,每股收益
FID_SHDM,1399,C,上海市场股票代码(配售)
FID_SZDM,1400,C,深圳市场股票代码(配售)
FID_GSHY,1401,C,上市公司行业
FID_GSMC,1402,C,上市公司名称
FID_FXZL,1403,C,发行总量
FID_FILEWRITETIME,1404,C,文件修改时间
FID_DHXL,1405,C,单户申购限量
FID_BLFM,1406,C,比例分母
FID_BLFZ,1407,C,比例分子
FID_ZQL,1408,C,中签率
FID_SSGJ,1409,C,上市估价
FID_FXRQ,1410,C,发行日期
FID_ZQYHRQ,1411,C,中签摇号日期
FID_CQRQ,1412,C,除权日期
FID_JKQSRQ,1413,C,缴款起始日期
FID_JKJSRQ,1414,C,缴款结束日期
FID_TSXX,1415,C,特别提示信息
FID_ZGB,1416,C,上市公司总股本
FID_MGGJJ,1417,R,每股资本公积金
FID_MGWFPLR,1418,R,每股未分配利润
FID_CLMC,1419,C,佣金定价策略名称
FID_EN_FLLB,1420,C,费率类别范围
FID_GHFZKL,1421,R,过户费折扣率
FID_LJJS,1422,I,累计计数
FID_LJZQ,1423,I,累计周期
FID_ZCJSFS,1424,I,资产计算方式
FID_ZSYJL,1425,I,折算佣金率
FID_JYLFDBH,1426,I,交易量分段编号
FID_ZCFDBH,1427,I,资产分段编号
FID_JYLXX,1428,R,交易量下限
FID_JYLSX,1429,R,交易量上限
FID_GHJE,1430,R,归还金额
FID_FZYWDM,1431,C,复制业务代码
FID_LOGIN_ENABLE,1432,I,登录允许状态
FID_ZQJY_ENABLE,1433,I,证券交易允许状态
FID_ZJYW_ENABLE,1434,I,资金业务允许状态
FID_LSCXYW_ENABLE,1435,I,历史查询业务状态
FID_OFS_ENABLE,1436,I,开放式基金允许状态
FID_KHYW_ENABLE,1437,I,客户业务允许状态
FID_SFYG,1438,I,是否内部员工
FID_XZYS,1439,I,限制月数
FID_FUNCID,1440,I,函数功能号
FID_CXJE,1441,R,撤销金额
FID_ZJLY,1442,C,资金来源
FID_WTSF,1443,R,委托收费金额
FID_CDSF,1444,R,撤单收费金额
FID_XYSYBZ,1445,I,信用使用标志
FID_LSCLMS,1446,I,冲销资金业务原流水处理模式
FID_JLLSBZ,1447,I,是否记录流水标志
FID_TZMS,1448,I,调整模式
FID_DOMAIN1,1449,C,查询域
FID_REGLOG,1450,I,是否记录日志
FID_SLTSFS,1451,C,数量提示方式
FID_OWNER_KH,1452,I,允许拥有客户
FID_OWNER_JJR,1453,I,允许拥有经纪人
FID_KZFS_KHQX,1454,I,客户权限控制方式
FID_KZFS_YHQX,1455,I,用户权限控制方式
FID_KZFS_CSQX,1456,I,参数权限控制方式
FID_KZFS_KHFL,1457,I,客户分类控制方式
FID_YXRQ,1458,I,有效日期
FID_WJLX,1459,I,文件类型
FID_WJLJ,1460,C,文件路径
FID_SYFW,1461,I,适用范围
FID_ZJDZ,1462,C,证件上的地址
FID_FXJB,1463,I,风险级别
FID_SQCZRH,1464,C,授权操作人编号
FID_ZHGLJG,1465,C,帐户管理机构
FID_ZJDZ_FRDB,1466,C,法人代表的证件地址
FID_XM_JBR,1467,C,机构经办人姓名
FID_ZJLB_JBR,1468,I,机构经办人证件类别
FID_ZJBH_JBR,1469,C,机构经办人证件编号
FID_ZCFZ,1470,C,资产分组
FID_EN_ZCFZ,1471,C,资产分组范围
FID_XJYE,1472,R,现金余额
FID_RZRQ,1473,I,入帐日期
FID_TXXS,1474,I,是否显示图像
FID_CDWZID_NEW,1475,I,新菜单位置代码
FID_KZYWDM,1476,C,扩展业务代码
FID_KZYWMC,1477,C,扩展业务名称
FID_KZYWSM,1478,C,扩展业务说明
FID_KZYWZT,1479,I,扩展业务状态
FID_ZZXY,1480,C,自助协议
FID_NZZCJE,1481,R,内转转出金额
FID_NZZRJE,1482,R,内转转入金额
FID_QTCKJE,1483,R,其它存款金额
FID_QTQKJE,1484,R,其它取款金额
FID_ZPCKJE,1485,R,支票存款金额
FID_ZPQKJE,1486,R,支票取款金额
FID_ZZZCJE,1487,R,银证转帐转出金额
FID_ZZZRJE,1488,R,银证转帐转入金额
FID_HCJE,1489,R,红冲金额
FID_LBJE,1490,R,兰补金额
FID_TJZQ,1491,I,统计周期
FID_TJDW,1492,C,统计单位
FID_TGZRHS,1493,I,转托管转入户数
FID_TGZCHS,1494,I,转托管转出户数
FID_TGZRSZ,1495,R,转托管转入市值
FID_TGZCSZ,1496,R,转托管转出市值
FID_ZDZRSZ,1497,R,指定转入市值
FID_CZZCSZ,1498,R,撤指转出市值
FID_JGLBMC,1499,C,机构类别名称
FID_FXLB,1500,I,发行类别
FID_FXRDM,1501,C,发行人代码
FID_QZDM,1502,C,权证代码
FID_QZLX,1503,I,权证类型
FID_XQBL,1504,R,行权比例
FID_FILEDATA,1505,C,文件数据
FID_FILEZIP,1506,C,文件是否压缩传送
FID_FILECOMPANYNAME,1507,C,文件的公司名称
FID_FILEPRODUCTNAME,1508,C,文件的相关产品名称
FID_FILEDIR,1509,C,文件所存放目录
FID_FILENEW,1510,C,是新文件，强制用户更新
FID_FILERELATION,1511,C,上传数据块与已存在的文件的关系
FID_FILEPOSITION,1512,C,文件中相对于文件头的偏移
FID_FILETYPE,1513,C,文件的业务类型
FID_XQDM,1514,C,行权代码
FID_XQFS,1515,I,行权方式
FID_XQJG,1516,R,行权价格
FID_ZCLB,1517,I,资产类别
FID_DBXS,1518,R,担保系数
FID_SJZD,1519,C,数据字典
FID_SRKJLX,1520,I,输入控件类型
FID_DZFS,1521,I,客户对帐单寄送方式
FID_CXSL,1522,I,撤销数量
FID_BLSFUNC,1523,I,对应的BLS功能码
FID_QSFY,1524,R,清算费用
FID_RGRQ,1525,I,认购日期
FID_JGRQ,1526,I,交割日期
FID_JYSCPFL,1527,C,交易所产品分类
FID_JYSCPZL,1528,C,交易所产品子类
FID_DDLXXZ,1529,C,订单类型限制
FID_BSDDZXSL,1530,I,冰山订单最小商量
FID_BSDDZXPLSL,1531,I,冰山订单最小披露数量
FID_JYQX,1532,I,交易权限
FID_SBJB,1533,I,申报级别
FID_ZSXJ,1534,R,止损限价
FID_ISIN,1535,C,ISIN代码
FID_DDYXRQ,1536,I,订单有效日期
FID_DDSXXZ,1537,I,订单时效限制
FID_DDJYXZ,1538,I,订单交易限制
FID_JYSDDBH,1539,C,交易所订单编号
FID_BRCJSL,1540,I,本日成交数量
FID_BRCJJE,1541,R,本日成交金额
FID_EN_SBJB,1542,C,申报级别范围
FID_DZXXBZ,1543,I,多值信息标志
FID_DXLX,1544,I,对象类型
FID_EN_LOGINID,1545,C,登录ID范围
FID_EN_JSDM,1546,C,角色代码
FID_JYBWFL,1547,I,交易备忘分类
FID_QRSMJG,1548,I,确认扫描间隔
FID_HBSMJG,1549,I,回报扫描间隔
FID_NONTRADINGORDTYPE,1550,C,NGTS非交易订单类型
FID_ORDTYPE,1551,C,NGTS接口订单类型
FID_SIDE,1552,C,NGTS买卖方向
FID_TIMEINFORCE,1553,C,NGTS时效限制
FID_TRADINGSESSIO,1554,C,NGTS交易限制
FID_XTCSBZ,1555,I,系统测试标志
FID_ZJJRBZ,1556,I,主经纪人标志
FID_PJZC,1557,R,平均资产
FID_KHMMSQ,1558,I,客户密码授权
FID_TJRQ,1559,I,统计日期
FID_BCDJSL,1560,I,本地冻结数量
FID_TQSL,1561,I,透券数量
FID_EN_SQLB,1562,C,申请类别范围
FID_RGJG,1563,R,认购价格
FID_RGSL,1564,I,认购数量
FID_CGLB,1565,I,存管类别
FID_CGZH,1566,C,存管帐号
FID_CGYHDM,1567,C,存管银行代码
FID_CGYHZH,1568,C,存管银行帐户
FID_CGCLJG,1569,I,存管行处理结果
FID_CGJGSM,1570,C,存管行结果说明
FID_CGCLRQ,1571,I,存管行处理日期
FID_CGCLSJ,1572,C,存管行处理时间
FID_CGWBCLJG,1573,C,存管行外部处理结果
FID_CXWBLSH,1574,C,撤销外部流水号
FID_YHYE,1575,R,银行余额
FID_ZBYH,1576,I,存管主办银行
FID_CGJGDM,1577,C,存管机构代码
FID_MRSL6,1578,I,买入数量6
FID_MRSL7,1579,I,买入数量7
FID_MRSL8,1580,I,买入数量8
FID_MRSL9,1581,I,买入数量9
FID_MRSL10,1582,I,买入数量10
FID_MCSL6,1583,I,卖出数量6
FID_MCSL7,1584,I,卖出数量7
FID_MCSL8,1585,I,卖出数量8
FID_MCSL9,1586,I,卖出数量9
FID_MCSL10,1587,I,卖出数量10
FID_MRJG6,1588,R,买入价格6
FID_MRJG7,1589,R,买入价格7
FID_MRJG8,1590,R,买入价格8
FID_MRJG9,1591,R,买入价格9
FID_MRJG10,1592,R,买入价格10
FID_MCJG6,1593,R,卖出价格6
FID_MCJG7,1594,R,卖出价格7
FID_MCJG8,1595,R,卖出价格8
FID_MCJG9,1596,R,卖出价格9
FID_MCJG10,1597,R,卖出价格10
FID_PCDWBL,1598,R,平仓到位比例
FID_MRJG,1599,R,买入价格
FID_TOKEN,1600,C,客户登录令牌
FID_XYDJ,1601,C,信用等级
FID_CCSLXZ,1602,C,持仓数量限制
FID_YJBL,1603,C,预警比例
FID_PCBL,1604,C,平仓比例
FID_LTSL,1605,C,流通数量
FID_TABLENAME,1606,C,表名
FID_FIELDNAME,1607,C,字段名
FID_JDBZ,1608,C,借贷标志
FID_HYZ,1609,C,合约状态
FID_HYB,1610,C,合约标题
FID_JKHH,1611,C,借方客户号
FID_DKHH,1612,C,贷方客户号
FID_JYYB,1613,C,借方营业部
FID_DYYB,1614,C,贷方营业部
FID_ZCKZDX,1615,C,资产控制底线
FID_HYH,1616,C,合约号
FID_HYJE,1617,C,合约金额
FID_ZJZHBH,1618,C,资金账户编号
FID_RZLV,1619,C,融资利率
FID_JQRQ,1620,C,结清日期
FID_ZHYH,1621,C,子合约号
FID_JZJZH,1622,C,借方资金账号
FID_DZJZH,1623,C,贷方资金账号
FID_JZJYYB,1624,C,借方资金营业部
FID_DZJYYB,1625,C,贷方资金营业部
FID_EN_JYYB,1626,C,借方营业部
FID_EN_DYYB,1627,C,贷方营业部
FID_EN_JZJYYB,1628,C,借方资金营业部
FID_EN_DZJYYB,1629,C,贷方资金营业部
FID_DJGY,1630,C,登记柜员
FID_SHGY,1631,C,审核柜员
FID_JKHXM,1632,C,借方客户姓名
FID_DKHXM,1633,C,贷方客户姓名
FID_EN_BH,1634,C,资金编号
FID_EN_ZBH,1635,C,资金子编号
FID_ZHDYCS,1636,I,帐户抵押次数
FID_ZBH,1637,C,资金子编号
FID_ZHMC,1638,C,帐户名称
FID_JZHYE,1639,C,借方帐户余额
FID_DZHYE,1640,C,贷方帐户余额
FID_JZXSZ,1641,C,借方最新市值
FID_DZXSZ,1642,C,贷方最新市值
FID_JZCZZ,1643,C,借方资产总值
FID_DZCZZ,1644,C,贷方资产总值
FID_SHTG,1645,C,审核是否通过
FID_JQHYJE,1646,C,已结清合约金额
FID_EN_KHYYB,1647,C,客户营业部
FID_EN_ZJYYB,1648,C,资金营业部
FID_SRYE2,1649,C,上日余额2
FID_ZHYE2,1650,C,帐户余额2
FID_ZPJE2,1651,C,支票金额2
FID_DJJE2,1652,C,冻结金额2
FID_YCDJJE2,1653,C,异常冻结金额2
FID_ZJCQDJ2,1654,C,资金长期冻结2
FID_WJSJE2,1655,C,未交收金额2
FID_KYZJ2,1656,C,可用资金2
FID_KQZJ2,1657,C,可取资金2
FID_XJZC2,1658,C,现金资产2
FID_GPSZ2,1659,C,股票市值2
FID_LX2,1660,C,预计利息2
FID_LXS2,1661,C,预计利息税2
FID_TZLX2,1662,C,透支利息2
FID_RZJE2,1663,C,融资金额2
FID_QSJE_B2,1664,C,回报买清算资金2
FID_QSJE_S2,1665,C,回报卖清算资金2
FID_DRCKJE2,1666,C,当日帐户存款金额2
FID_TZCKJE2,1667,C,当日通知存款金额2
FID_HAVE_ZCXX,1668,C,是否查询资产信息
FID_HAVE_JKCS,1669,C,是否查询融资监控参数
FID_XZDJ,1670,C,限制等级
FID_CCBLXZ,1671,C,持仓比例限制
FID_ZHYJE,1672,C,总合约金额
FID_RZJEBL,1673,C,融资金额比例
FID_RZBLSX,1674,C,融资金额比例限制
FID_SHQD,1675,R,业务审核起点
FID_YWDM,1676,C,业务代码
FID_SHFS,1677,I,审核方式
FID_SHJS,1678,I,审核级数
FID_LCMC,1679,C,流程名称
FID_SHJB,1680,I,审核级别
FID_LGFH,1681,I,临柜复核
FID_HTSH,1682,I,后台审核
FID_LGFHJSDM,1683,C,临柜复核角色代码
FID_JKYWDM,1684,C,接口业务代码
FID_SFJYLX,1685,I,身份校验类型
FID_MBMC,1686,C,模板名称
FID_XSBQ,1687,C,显示标签
FID_FLLB,1688,I,费率类别
FID_GFBDFX,1689,I,股份变动方向
FID_GFJSTS,1690,I,股份交收天数
FID_JHJJKS,1691,C,集合竞价开始时间
FID_JHJJJS,1692,C,集合竞价结束时间
FID_JJJYBZ,1693,I,净价交易标志
FID_JSFBZ,1694,I,经手费标志
FID_JYZT,1695,I,交易状态
FID_JYKZ,1696,I,交易控制
FID_QSDZ,1697,C,券商地址
FID_SHSBBZ,1698,C,上海申报标志
FID_SZSBBZ,1699,C,深圳申报标志
FID_SZCDBZ,1700,C,深圳撤单标志
FID_SWKSSJ,1701,C,上午开市时间
FID_SWBSSJ,1702,C,上午闭市时间
FID_XWKSSJ,1703,C,下午开市时间
FID_XWBSSJ,1704,C,下午闭市时间
FID_SJXZ,1705,I,时间限制
FID_XJFS,1706,I,限价方式
FID_ZJBDFX,1707,I,资金变动方向
FID_ZJJSTS,1708,I,资金交收天数
FID_XGDM,1709,C,相关代码
FID_PCKZ,1710,C,平仓控制
FID_JSFS,1711,C,结算方式
FID_XWLX,1712,C,席位类型
FID_JGDW,1713,C,价格单位
FID_MCJG,1714,R,卖出价格
FID_KCDW,1715,C,开仓单位
FID_JYBM,1716,C,交易编码
FID_TZLB,1717,C,投资类别
FID_KPBZ,1718,C,开平标志
FID_RQJEBL,1719,R,融券金额比例
FID_BZJ,1720,C,保证金
FID_JYSBZJ,1721,C,交易所保证金
FID_JGSL,1722,C,交割数量
FID_LJZK,1723,C,累计折扣
FID_FXL,1724,C,风险率
FID_ZFXL,1725,C,昨风险率
FID_PCSL,1726,C,平仓数量
FID_PCYK,1727,C,平仓盈亏
FID_PCRQ,1728,C,平仓日期
FID_CCWTH,1729,C,持仓委托号
FID_GSDM,1730,C,公司代码
FID_SBJLH,1731,C,申报记录号
FID_ZKFY,1732,C,折扣费用
FID_FHJE,1733,C,返还金额
FID_CJJJ,1734,C,成交均价
FID_DJBZJ,1735,C,冻结保证金
FID_SBGY,1736,C,申报柜员
FID_BDJE,1737,C,变动金额
FID_BCDJ,1738,C,本次冻结
FID_BDSJ,1739,C,变动时间
FID_CCSL,1740,C,持仓数量
FID_BZJBL,1741,C,保证金比例
FID_DWBZJ,1742,C,单位保证金
FID_JYSBZJBL,1743,C,交易所保证金比例
FID_JYSDWBZJ,1744,C,交易所单位保证金
FID_LJFH,1745,C,累计返还
FID_BRSXF,1746,C,本日手续费
FID_BRPCYK,1747,C,本日平仓盈亏
FID_JYSBRSXF,1748,C,交易所本日手续费
FID_JYSCCXE,1749,C,交易所持仓限额
FID_KHCCXE,1750,C,客户持仓限额
FID_SQCZBZ,1751,I,授权操作标志
FID_JSLB,1752,I,角色类别
FID_QXLB,1753,I,用户权限类别
FID_SHBZ,1754,I,审核标志
FID_AZRQ,1755,I,安装日期
FID_CPDM,1756,C,产品代码
FID_CPMC,1757,C,产品名称
FID_DFRQ,1758,I,兑付日期
FID_XLH,1759,C,序列号
FID_YXXG,1760,I,是否允许修改
FID_ZJSQRQ,1761,I,最近授权日期
FID_CWJB,1762,I,错误级别
FID_JKLB,1763,I,接口类别
FID_JKCWDM,1764,C,接口错误代码
FID_CWLY,1765,C,错误来源
FID_KSKHH,1766,C,开始客户号
FID_JSKHH,1767,C,结束客户号
FID_KYKHH,1768,C,可用客户号
FID_SJKZFS,1769,I,时间控制方式
FID_CPXM,1770,C,产品项目
FID_SJXZ_SQCZR,1771,I,授权操作人时间期限限制
FID_TBTS_SQCZR,1772,C,授权操作人特别提示
FID_ZJBH_SQCZR,1773,C,授权操作人证件编号
FID_ZJLB_SQCZR,1774,I,授权操作人证件类别
FID_JFQSRQ,1775,I,积分起始日期
FID_JGBZ,1776,I,机构帐户标志
FID_KHJF,1777,I,客户积分
FID_KHKH,1778,C,客户卡号
FID_MOBILE,1779,C,移动电话
FID_TZZFL,1780,I,投资者分类
FID_YXZZDM,1781,C,营销组织代码
FID_ZDXM,1782,C,帐单项目
FID_ZDZQ,1783,I,帐单周期
FID_ZJDLRQ,1784,I,最近登录日期
FID_SXDM,1785,C,附加属性代码
FID_LQRQ,1786,I,领取日期
FID_JGXZ,1787,I,机构性质
FID_ZJLB_FRDB,1788,I,证件类别(法人代表)
FID_ZJBH_FRDB,1789,C,证件编号(法人代表)
FID_ZCSJ,1790,I,注册时间
FID_KHJLXM,1791,C,客户经理姓名
FID_BZ1,1792,C,币种1
FID_BZ2,1793,C,币种2
FID_MBBH,1794,I,模板编号
FID_TABLE,1795,C,数据表
FID_ACT,1796,I,动作
FID_XZLB,1797,I,限制类别
FID_KHQZFW1,1798,C,客户群组范围
FID_SJYWKM,1799,C,上级业务科目
FID_LLLX,1800,I,利率类型
FID_RZJESX,1801,R,融资金额上限
FID_RQSLSX,1802,I,融券数量上限
FID_RZED,1803,R,融资额度
FID_RQED,1804,R,融券额度
FID_RZFDLL,1805,R,融资浮动利率
FID_RQFDLL,1806,R,融券浮动利率
FID_RZXYLL,1807,R,融资信用利率
FID_RQXYLL,1808,R,融券信用利率
FID_RQLL,1809,R,融券利率
FID_WYLB,1810,I,违约类别
FID_SQL,1811,C,SQL
FID_FILENAME,1812,C,文件名称
FID_FILEVERSION,1813,C,文件版本
FID_ZJLB_GDH,1814,I,股东证件类别
FID_MEMHEAD,1815,C,MEMHEAD
FID_MEMDATA,1816,C,MEMDATA
FID_MEMCOUNT,1817,C,MEMCOUNT
FID_MEMSIZE,1818,C,MEMSIZE
FID_GQZH_ZR,1819,C,转入股权帐号
FID_PCCL,1820,I,平仓策略
FID_RZXYED,1821,R,融资信用额度
FID_RQXYED,1822,R,融券信用额度
FID_RQJE,1823,R,融券金额
FID_YQSL,1824,I,余券数量
FID_RZSL,1825,I,融资数量
FID_RQSL,1826,I,融券数量
FID_RZWTSL,1827,I,融资委托数量
FID_RQWTSL,1828,I,融券委托数量
FID_RZWTJE,1829,R,融资委托金额
FID_RQWTJE,1830,R,融券委托金额
FID_RZCJSL,1831,I,融资成交数量
FID_RQCJSL,1832,I,融券成交数量
FID_RZCJJE,1833,R,融资成交金额
FID_RQCJJE,1834,R,融券成交金额
FID_YQWTSL,1835,I,余券委托数量
FID_YQCJSL,1836,I,余券成交数量
FID_HQWTSL,1837,I,还券委托数量
FID_HQCJSL,1838,I,还券成交数量
FID_RZLLXX,1839,R,融资利率下限
FID_RQLLXX,1840,R,融券利率下限
FID_RZXYJS,1841,R,融资占用利息基数
FID_RQXYJS,1842,R,融券占用利息基数
FID_RZXYLX,1843,R,融资占用利息
FID_RQXYLX,1844,R,融券占用利息
FID_RZYJLX,1845,R,融资预计利息
FID_RQYJLX,1846,R,融券预计利息
FID_FZJE,1847,R,负债金额
FID_FZSL,1848,I,负债数量
FID_MARGIN_ENABLE,1849,I,融资融券允许状态
FID_KQBZ,1850,I,开启标志
FID_KSSJ1,1851,C,开始时间1
FID_JSSJ1,1852,C,结束时间1
FID_KSSJ2,1853,C,开始时间2
FID_JSSJ2,1854,C,结束时间2
FID_WXWTFBZ,1855,I,无效委托标志
FID_MFCXCS,1856,I,免费查询次数
FID_KYXYED,1857,R,可用信用额度
FID_XYED,1858,R,信用额度
FID_RZFY,1859,R,融资费用
FID_RQFY,1860,R,融券费用
FID_BDKYZJ,1861,R,外部帐户本地可用资金
FID_SHLX,1862,R,税后利息
FID_JCFL,1863,I,基础分类
FID_YSJYBZ,1864,I,夜市交易标志
FID_YSKSSJ,1865,C,夜市开市时间
FID_YSBSSJ,1866,C,夜市闭市时间
FID_JYSSXF,1867,R,交易所手续费
FID_YJL,1868,R,佣金率
FID_YJLXX,1869,R,最低佣金率
FID_SLXX,1870,I,数量下限
FID_XMDM,1871,C,项目代码
FID_DAID,1872,I,档案ID
FID_INSINDEX,1873,C,插入索引
FID_MODINDEX,1874,C,回写索引
FID_LSHMC,1875,C,流水号名称
FID_TRANPORT,1876,I,传输服务端口
FID_DATABASE,1877,C,数据库名
FID_DUMPPATH,1878,C,DUMP文件路径
FID_DUMPTYPE,1879,I,DUMP类型
FID_DUMPNOTE,1880,C,DUMP描述名
FID_UPDATEITEM,1881,C,UPDATE的字段名
FID_IDENTITY,1882,I,是否自增列
FID_LOWPAR,1883,C,LARGE_INTEGER型的低位部分
FID_HIGHPAR,1884,C,LARGE_INTEGER型的高位部分
FID_CZYBH,1885,C,操作员编号
FID_KHDDH,1886,C,开户点代号
FID_QYLB,1887,C,股东性质
FID_TZRXM,1888,C,投资人名称
FID_TZRLB,1889,C,投资人类别
FID_JZJ,1890,I,基准价类型
FID_GDXM_OLD,1891,C,原股东姓名/单位全称
FID_QQLB,1892,C,请求类别
FID_GDJC,1893,C,股东简称
FID_GFXZ,1894,C,股份性质
FID_PGDM,1895,C,配股代码
FID_XJFSMC,1896,C,限价方式名称
FID_XJLB,1897,I,限价类别
FID_WTRQ,1898,C,委托日期
FID_DYBZ,1899,C,打印标志
FID_BZXX,1900,C,备注信息
FID_TZRMC,1901,C,股东姓名/单位全称
FID_ZJBH_OLD,1902,C,原证件编号
FID_TZRMC_OLD,1903,C,原股东姓名/单位全称
FID_SBBZ,1904,C,申报标志
FID_CLSM,1905,C,处理说明
FID_CXLB,1906,C,查询类别
FID_XWH,1907,C,席位号
FID_KHHY,1908,C,开户会员
FID_SXZ_OLD,1909,C,原属性值
FID_TZRJC,1910,C,投资人简称
FID_XB,1911,C,性别
FID_DMQZ,1912,C,代码前缀
FID_CSRQ,1913,C,出生日期
FID_MCQZ,1914,C,名称前缀
FID_FRLB,1915,C,法人类别
FID_HYDM,1916,C,行业代码
FID_JSHY,1917,C,结算会员
FID_SDSL_GR,1918,R,个人所得税率
FID_SDSL_JG,1919,R,机构所得税率
FID_SRGDH,1920,C,受让方股东号
FID_SRXWH,1921,C,受让席位号
FID_HBRQ,1922,C,回报日期
FID_YWLX,1923,C,业务类型
FID_WWMC,1924,C,外文名称
FID_TJSL,1925,C,统计数量
FID_SFJE,1926,C,收费金额
FID_DJGSSF,1927,C,登记公司收费
FID_DLJGSF,1928,C,代理机构收费
FID_SRZJBH,1929,C,受让股东证件编号
FID_SRGDXM,1930,C,受让股东姓名
FID_SRDZ,1931,C,受让方通讯地址
FID_SRDH,1932,C,受让方电话号码
FID_SRYZBM,1933,C,受让方邮政编码
FID_SRGFXZ,1934,C,受让股份性质
FID_DFXW,1935,C,对方席位号
FID_DFGDH,1936,C,对方股东号
FID_DFXZ,1937,C,对方性质
FID_QRBZ,1938,C,确认标志
FID_QQSL,1939,I,确权数量
FID_ZBQS,1940,C,主办券商代码
FID_GHSL,1941,I,过户数量
FID_DBQS,1942,C,代码券商代码
FID_GFXZSM,1943,C,股份性质说明
FID_QSLB,1944,I,券商类别
FID_QQSF_GR,1945,C,个人确权收费
FID_QQSF_JG,1946,C,机构确权收费
FID_QYZL,1947,I,权益总量
FID_ZBQSMC,1948,C,主办券商名称
FID_DYZQDM,1949,C,抵押证券代码
FID_GHTS,1950,I,购回天数
FID_JXTS,1951,I,记息天数
FID_CLEARFEE,1952,R,结算费率
FID_FXJJFL,1953,R,风险基金费率
FID_ZGFL,1954,R,证管费率
FID_QTFLXX,1955,R,其它费用下限
FID_QTFLSX,1956,R,其它费用上限
FID_CJJEQD,1957,R,成交金额起点
FID_SFQD,1958,R,收费起点
FID_FJYRBS,1959,I,非交易日标识
FID_YEAR,1960,C,年份
FID_MBLB,1961,I,模板类别
FID_ZJDS,1962,R,资金底数
FID_ZCDS,1963,R,资产底数
FID_DJYHZHS,1964,I,单户允许登记的银行帐户数
FID_FJXYXX,1965,C,附加校验信息
FID_FJYRZZBZ,1966,I,非交易日是否允许转帐
FID_PGJG,1967,R,配股价格
FID_GSKYE,1968,R,公司卡余额
FID_JCGSKYE,1969,I,是否检查公司卡余额
FID_LXCZCS,1970,I,连续冲正次数
FID_QDSJ,1971,C,签到时间
FID_QYZZBS,1972,I,是否启用转帐标识
FID_ZJQDRQ,1973,I,最近签到日期
FID_KSWTH,1974,C,开始委托号
FID_JSWTH,1975,C,结束委托号
FID_KYWTH,1976,C,可用委托号
FID_SQXQ,1977,T,申请详情
FID_SHZT,1978,I,审核状态
FID_SQGY,1979,C,申请柜员
FID_SQRQ,1980,I,申请日期
FID_SQSJ,1981,C,申请时间
FID_HKQX,1982,I,还款期限(天)
FID_MXTS,1983,I,免息天数
FID_YWSQH,1984,I,业务申请号
FID_SHRQ,1985,I,审核日期
FID_SHSJ,1986,C,审核时间
FID_YMBBH,1987,I,原模板编号
FID_XSXH,1988,I,显示序号
FID_MMTB,1989,I,密码同步标志
FID_EN_GYDM,1990,C,允许柜员代码范围
FID_KHYYB,1991,C,客户所属营业部
FID_NEWJJR,1992,C,新经纪人
FID_ZPKZBZ,1993,I,支票余额控制标志
FID_DRCKKZ,1994,I,当日存款金额控制标志
FID_XML,1995,C,XML域
FID_QYDM,1996,C,权益代码
FID_QYSL,1997,I,权益数量
FID_QYJE,1998,R,权益金额
FID_JYRBS,1999,I,交易日标识
FID_TIME_INIT,2000,C,初始化时间
FID_TIME_CLOSE,2001,C,收盘时间
FID_GQDJLSH,2002,I,股权冻结流水号
FID_LDSMJG,2003,I,漏单扫描间隔
FID_XCXZBS,2004,I,写出限制笔数
FID_EN_WTLB,2005,C,委托类别范围
FID_FXJ,2006,R,发行价
FID_GQDM,2007,C,股权代码
FID_GQLB,2008,C,股权类别
FID_GQLBMC,2009,C,股权类别名称
FID_GQMC,2010,C,股权名称
FID_GQSL,2011,I,股权数量
FID_GQZH,2012,C,股权帐号
FID_JMC_ZDCGSL,2013,I,净卖出最低持股数量
FID_KSGQZH,2014,C,开始股权帐号
FID_KYGQZH,2015,C,可用股权帐号
FID_KZSX,2016,I,控制属性
FID_SDLX,2017,I,时段类型
FID_ROWNUM,2018,I,记录行号
FID_ZDCGSL,2019,I,最低持股数量
FID_ZSBJFD,2020,R,做市期间报价幅度
FID_ZSQBJFD,2021,R,做市前报价幅度
FID_EN_GQDM,2022,C,股权代码范围
FID_EN_GQLB,2023,C,股权类别范围
FID_GZMZ,2024,R,面值
FID_FXDS,2025,R,发行底数
FID_MRED,2026,R,买入额度
FID_MCED,2027,R,卖出额度
FID_PXCS,2028,I,派息次数
FID_URL,2029,C,网址
FID_ZSR,2030,R,报告期总收入
FID_ZLR,2031,R,报告期总利润
FID_JLR,2032,R,报告期净利润
FID_MGFH,2033,R,每股分红
FID_FHHJZC,2034,R,分红后净资产
FID_MGJZC,2035,R,每股净资产
FID_PAY,2036,R,年薪
FID_DZ_OFFICE,2037,C,办公地址
FID_ZZJGDM,2038,C,组织机构代码
FID_SFJE_GR,2039,R,个人收费金额
FID_SFJE_JG,2040,R,机构收费金额
FID_KHH_YJ,2041,C,一级客户号
FID_GQZH_YJ,2042,C,一级股权帐号
FID_SXF_ZR,2043,R,转入手续费
FID_ZDHBSL,2044,C,最低合并数量
FID_ZDCFSL,2045,C,最低拆分数量
FID_RZSYLLFD,2046,R,融资使用利率浮动
FID_RQSYLLFD,2047,R,融券使用利率浮动
FID_RZEDLLFD,2048,C,融资额度利率浮动
FID_RQEDLLFD,2049,C,融券额度利率浮动
FID_ZDCXRQ,2050,I,自动撤销日期
FID_WEEK,2051,I,星期
FID_MILLISECOND,2052,I,毫秒
FID_GDSL,2053,I,股东数量
FID_CCSLXZ_JG,2054,I,机构持仓数量限制
FID_CCSLXZ_ZG,2055,I,内部职工持仓数量限制
FID_JYJS_GR_ZGG,2056,I,个人资格股交易基数
FID_JYJS_GR_TZG,2057,I,个人投资股交易基数
FID_JYJS_JG_ZGG,2058,I,机构资格股交易基数
FID_JYJS_JG_TZG,2059,I,机构投资股交易基数
FID_ZGBZ,2060,I,内部职工标志
FID_QYDJRQ,2061,I,权益登记日期
FID_KHH_ZQR,2062,C,质权人客户号
FID_GQZH_ZQR,2063,C,质权人股权帐号
FID_SXF_ZQR,2064,R,质权人手续费
FID_GFXZ_YJ,2065,I,一级代持股份性质
FID_FXJJ,2066,R,风险基金
FID_RZXYED_OLD,2067,R,原融资信用额度
FID_RQXYED_OLD,2068,R,原融券信用额度
FID_EN_JGDM,2069,C,允许操作的机构代码范围
FID_EX_JGDM,2070,C,禁止操作的机构代码范围
FID_NODEID,2071,I,交易节点编码
FID_NODENAME,2072,C,交易节点名称
FID_SEAT_SH,2073,C,上海席位
FID_SEAT_SZ,2074,C,深圳席位
FID_ADDR_IP,2075,C,IP地址
FID_ADDR_MAC,2076,C,MAC地址
FID_OID,2077,I,内部记录OID号
FID_LOG_POS,2078,I,系统日志文件位置
FID_INDEX,2079,I,索引号
FID_KSSBWTH,2080,I,起始申报委托号
FID_DZJGSX,2081,R,大宗交易价格上限
FID_DZJGXX,2082,R,大宗交易价格下限
FID_ZCJSL,2083,I,总成交数量
FID_DBWSXED,2084,R,担保物授信额度
FID_T2DJJE,2085,R,T+2冻结金额
FID_T2KYZJ,2086,R,T+2可用资金
FID_SJKZR,2087,C,实际控制人
FID_SJZB,2088,C,实缴资本
FID_QYGM,2089,C,企业规模
FID_QTZGCCSX,2090,C,全体职工持仓上限
FID_QTJGCCXX,2091,C,全体机构持仓下限
FID_SBWTH_MR,2092,C,买入申报委托号
FID_SBWTH_MC,2093,C,卖出申报委托号
FID_SBJLH_MR,2094,I,买入申报记录号
FID_SBJLH_MC,2095,I,卖出申报记录号
FID_GSZCH,2096,C,工商注册号
FID_GHF,2097,R,过户费
FID_ZGF,2098,R,证管费
FID_JSF,2099,R,结算费
FID_OFSS_JZ,2100,R,开放式基金净值
FID_JGGF,2101,R,监管规费
FID_DJJSHY,2102,C,登记结算会员
FID_BRANCHID,2103,C,券商营业部编号
FID_YXRQ_ZZJGDM,2104,I,组织机构代码证有效日期
FID_DXZCGL,2105,I,定向资产管理标识
FID_HTH_DXZCGL,2106,C,定向资产管理合同号
FID_MC_DXZCGLR,2107,C,定向资产管理人名称
FID_ZJLB_DXZCGLR,2108,I,定向资产管理人证件类别
FID_ZJBH_DXZCGLR,2109,C,定向资产管理人证件编号
FID_MC_DXZCTGR,2110,C,定向资产托管人名称
FID_ZJLB_DXZCTGR,2111,I,定向资产托管人证件类别
FID_ZJBH_DXZCTGR,2112,C,定向资产托管人证件编号
FID_EN_ZHLB,2113,C,账户类别范围
FID_WJBM,2201,C,问卷编码
FID_WJMC,2202,C,问卷名称
FID_WJHM,2203,C,问卷号码
FID_TMHM,2204,C,题目号码
FID_TMLX,2205,C,题目类型
FID_TMMS,2206,C,题目描述
FID_TMDA,2207,C,题目答案
FID_SCORE,2208,C,得分
FID_ZJYXQ,2209,C,证件有效期
FID_ZJDZYB,2210,C,证件地址邮编
FID_ZJFZJG,2211,C,证件发证机关
FID_EDZ,2212,I,二代证校验
FID_YYZZNJRQ,2213,C,营业执照年检日期
FID_JTDZ,2214,C,家庭地址
FID_JTYB,2215,C,家庭邮编
FID_QTDH,2216,C,其他电话
FID_QQ,2217,C,QQ
FID_FXQHYLB,2218,I,反洗钱行业类别
FID_XQFXDJ,2219,I,洗钱风险等级
FID_FXQSZRQ,2220,C,反洗钱设置日期
FID_HYZK,2221,C,婚姻状况
FID_JG,2222,C,籍贯
FID_MZDM,2223,I,民族代码
FID_GZDW,2224,C,工作单位
FID_GZDWDZ,2225,C,工作单位地址
FID_GZDWYB,2226,C,工作单位邮编
FID_GZDWZW,2227,C,工作单位职务
FID_GZDWDH,2228,C,工作单位电话
FID_FXCSNL,2229,I,风险承受能力
FID_FXPGRQ,2230,C,风险评估日期
FID_JJFXCSNL,2231,I,基金风险承受能力
FID_JJFXPGRQ,2232,C,基金风险评估日期
FID_GPFXCSNL,2233,I,股票风险承受能力
FID_GPFXPGRQ,2234,C,股票风险评估日期
FID_XYFXCSNL,2235,I,信用风险承受能力
FID_XYFXPGRQ,2236,C,信用风险评估日期
FID_KHKZT,2237,I,客户卡状态
FID_TBSM,2238,C,特别说明
FID_ZZSHZT,2239,I,资质审核状态
FID_GSDH,2240,C,公司电话
FID_ZCRQ,2241,C,注册日期
FID_LTGB,2242,R,上市公司流通股本
FID_ZZJGDMYXQ,2243,C,组织机构代码证有效期
FID_ZZJGDMFZJG,2244,C,组织机构代码证发证机关
FID_ZZJGDMNJRQ,2245,C,组织机构代码证年检日期
FID_SWDJZ,2246,C,税务登记证
FID_SWDJZYXQ,2247,C,税务登记证有效期
FID_SWDJZFZJG,2248,C,税务登记证发证机关
FID_SWDJZNJRQ,2249,C,税务登记证年检日期
FID_ZJYXQ_FRDB,2250,C,证件有效期(法人代表)
FID_ZJYXQ_JBR,2251,C,机构经办人证件有效期
FID_DH_JBR,2252,C,机构经办人电话
FID_MOBILE_JBR,2253,C,机构经办人移动电话
FID_XB_JBR,2254,C,机构经办人性别
FID_FWMM,2255,C,服务密码
FID_HXKH,2256,I,核新开户标志
FID_GYSX,2257,I,国有属性
FID_SSSX,2258,I,上市属性
FID_ZBSX,2259,I,资本属性
FID_KHFS,2260,I,开户方式
FID_HGDM,2300,C,回购代码
FID_HGMC,2301,C,回购名称
FID_DQLL,2302,R,到期利率
FID_TQLL,2303,R,提前终止利率
FID_ZED,2304,I,总额度
FID_ZYED,2305,I,占用额度
FID_DEBS,2306,I,大额标识
FID_TQGHSX,2307,I,提前购回上限
FID_GXRQ,2308,I,更新日期
FID_GDFJQX,2309,I,股东附加权限
FID_ZDXY,2310,I,自动续约
FID_SX1,2311,I,扩展属性
FID_SX2,2312,I,扩展属性2
FID_HGED,2313,I,回购额度
FID_YYLB,2314,I,预约类别
FID_XYTS,2315,I,续约天数
FID_TQXZBL,2316,R,提前限制比例
FID_YYTQTS,2317,I,预约提前天数
FID_XZBL,2318,R,限制比例
FID_TQYYSX,2319,I,提前预约的上限
FID_JZSJ,2320,C,截至时间
FID_SYBDBL,2321,N,收益率变动比例
FID_TQYYDBQS,2322,I,提前单笔起始
FID_TQDBSX,2323,I,提前单笔上限
FID_JESHBZ,2324,I,巨额赎回处理方式
FID_FXFFXCSNL,2325,I,发行方风险承受能力
FID_FXFFXCSNLMC,2326,C,发行方风险承受能力名称
FID_FXCSNLMC,2327,C,风险承受能力名称
FID_FXFFXJB,2328,I,发行方风险级别
FID_YYH,2329,C,预约号
FID_QYFS,2330,I,签约方式
FID_YDSQYBZ,2331,I,约定书签约标志
FID_YDBZ,2332,I,阅读标志
FID_PCLX,2333,I,评测类型
FID_CPTZQX,2334,I,产品投资期限
FID_ZRFS,2336,I,转让方式
FID_RGKSRQ,2337,C,认购开始日期
FID_RGJSRQ,2338,C,认购结束日期
FID_TZPZ,2339,I,投资品种
FID_TZQX,2340,I,投资期限
FID_SDXBZ,2341,C,适当性标志
FID_SRBS,2342,C,输入标识
FID_KHJC,2343,C,客户简称
FID_ZJQSRQ,2344,C,证件起始日期
FID_ZJJZRQ,2345,C,证件截止日期
FID_GJ,2346,C,国籍
FID_DWYB,2347,C,单位邮编
FID_DWDZ,2348,C,单位地址
FID_DWDH,2349,C,单位电话
FID_JTDH,2350,C,家庭电话
FID_FQQD,2352,C,发起渠道
FID_METHOD,2353,C,方法
FID_CZZD,2354,C,操作站点
FID_IFTBZDGS,2355,C,是否同步中登公司
FID_IFTBJJGS,2356,C,是否同步基金公司
FID_XMM,2357,C,新密码
FID_YMM,2358,C,原密码
FID_REMARK,2359,C,备注
FID_YHTMM,2360,C,一户通密码
FID_ACTION,2361,C,执行动作
FID_FQR,2362,C,发起人
FID_YXLX,2363,C,影像类型
FID_YJFS,2364,C,邮寄方式
FID_SHGDZH,2365,C,上海股东账号
FID_SZGDZH,2366,C,深圳股东账号
FID_KHQZMC,2367,C,客户群组名称
FID_KHQZSM,2368,C,客户群组说明
FID_JJGSQC,2369,C,基金公司全称
FID_YWQQCLID,2370,C,业务请求处理ID
FID_JJGSJC,2371,C,基金公司简称
FID_YDSBZ,2372,I,约定书标志
FID_GDMC,2373,C,股东名称
FID_SYXXBZ,2374,C,使用信息标志
FID_YWLSH,2375,C,业务流水号
FID_CLZT,2376,C,处理状态
FID_YWQQID,2377,C,业务请求ID
FID_SBLX,2378,C,申报类型
FID_GSXWDM,2379,C,公司行为代码
FID_QYCS,2380,C,权益次数
FID_GGBH,2381,C,公告编号
FID_YABH,2382,C,议案编号
FID_ZCSL,2383,C,赞成数量
FID_FDSL,2384,C,反对数量
FID_YWFY,2385,C,业务费用
FID_ZCYMTH,2386,C,转出一码通号
FID_BYZD,2387,C,备用字段
FID_YWLY,2388,C,业务来源
FID_ZJZP,2389,C,证件照片
FID_ZCBZ,2390,C,注册币种
FID_ZZJGDMZJDZ,2391,C,组织机构代码证证件地址
FID_EX_YWLB,2392,C,禁止操作的业务类别
FID_ERRCODE,2399,C,错误码
FID_XYMC,2400,C,协议名称
FID_ZRSY,2401,I,昨日收益
FID_YCYRS,2402,I,已参与人数
FID_KCYRS,2403,I,可参与人数
FID_CZRBM,2502,C,出质人编码
FID_CZRMC,2503,C,出质人名称
FID_ZQRBM,2504,C,质权人编码
FID_ZQRMC,2505,C,质权人名称
FID_ZYHYBH,2506,C,质押合约编号
FID_DKHYBH,2507,C,贷款合约编号
FID_DKJE,2508,C,贷款金额
FID_DKDQRQ,2509,C,贷款到期日
FID_HTDJRQ,2510,C,合同登记日期
FID_WTZT,2514,C,委托状态
FID_ZYZH,2522,C,质押帐号
FID_DJBH,2523,C,登记编号
FID_SBLSH,2524,C,申报流水号
FID_ZQMZ,2525,R,证券面值
FID_FU_HYQY,2600,R,期货合约权益
FID_FEZH,2700,C,份额账户
FID_FESL,2701,N,份额数量
FID_YXRQ_ZJ,2702,C,证件有效日期
FID_PBU,2703,C,结算单元
FID_HYBH,2704,C,结算会员
FID_ZHQC,2705,C,账户全称
FID_USERID_FH,2706,C,复核柜员
FID_JSHYHQZ,2708,C,结算资源号前缀
FID_KYJSHYH,2709,C,可用结算会员号
FID_JSHYLB,2710,C,结算会员类别
FID_JSDYXZ,2711,C,结算单元性质
FID_JSDYHQZ,2712,C,结算单元前缀
FID_KYJSDYH,2713,C,可用结算单元号
FID_FEZHQZ,2714,C,份额账号前缀
FID_KYFEZH,2715,C,可用份额账号
FID_ZJMCRQ,2717,N,最近卖出日期
FID_ZJMRRQ,2718,N,最近买入日期
FID_FEZH_ZQR,2719,C,质权人份额账户
FID_YWLBMC,2720,C,业务类别名称
FID_WBYWLB,2721,C,外部业务类别
FID_YWFL,2722,C,业务分类
FID_CPXZ,2723,I,产品性质
FID_CPXZ_ZR,2724,I,转入产品性质
FID_CPXZ_YJ,2725,I,一级代持产品性质
FID_FEZH_ZR,2726,C,转入份额账号
FID_FEZH_YJ,2727,C,一级代持份额账号
FID_ENPBU,2728,C,结算单元范围
FID_ENHYBH,2729,C,结算会员范围
FID_ENCPLX,2730,C,产品类型范围
FID_ENCPXZ,2731,C,产品性质范围
FID_CPLX,2732,C,产品类型
FID_CPFL,2733,I,产品分类
FID_CPZT,2734,I,产品状态
FID_GCMC,2735,C,过程名称
FID_RWMC,2736,C,任务名称
FID_ZXSX,2737,C,执行顺序
FID_JYMS,2738,C,交易模式
FID_CJLB,2739,C,成交类别
FID_ZFFS,2740,C,支付方式
FID_YWTH,2741,C,原委托号
FID_YSBWTH,2742,C,原申报委托号
FID_ZYH,2743,C,子用户
FID_YWQX,2744,C,业务权限
FID_DYXZ,2745,I,单元性质
FID_CJJLH,2746,C,成交记录号
FID_MBCPDM,2747,C,目标产品代码
FID_CDSL_MR,2748,I,买入撤单数量
FID_CDSL_MC,2749,I,卖出撤单数量
FID_JGLX,2752,C,机构类型
FID_EN_PBU,2753,C,扩展结算通道
FID_HYJC,2754,C,会员简称
FID_PZJG,2755,C,批准机关
FID_PZWH,2756,C,批准文号
FID_YWXKZH,2758,C,业务许可证号
FID_JJYY,2759,C,拒绝原因
FID_QRSL,2760,C,确认数量
FID_SYSL,2761,C,剩余数量
FID_ZCDJ,2801,C,资产等级
FID_GSKHLX,2802,C,公司客户类型
FID_KFYYB,2803,C,开发营业部
FID_ZJKSRQ,2804,C,证件开始日期
FID_GFXX,2805,C,规范信息
FID_FXYSXX,2806,C,风险要素信息
FID_CBLX,2807,C,成本类型
FID_LXFS,2808,C,联系方式
FID_LLPL,2809,C,联络频率
FID_ZSLX,2810,C,证书类型
FID_XYLX,2811,C,协议类型
FID_CPBZ,2812,C,产品标志
FID_XTID,2813,I,业务系统ID
FID_ZJLB_LXR,2814,I,联系人证件类别
FID_ZJBH_LXR,2815,C,联系人证件编号
FID_ZJQSR_FRDB,2816,C,法人证件起始日
FID_DH_FRDB,2817,C,法人电话
FID_ZJQSR_JBR,2818,C,经办人证件起始日
FID_ZJQSR_LXR,2819,C,联系人证件起始日
FID_ZZJGDMQSR,2820,C,组织机构代码起始日
FID_ZMWJLX,2821,C,证明文件类型
FID_ZMWJBH,2822,C,证明文件号码
FID_ZMWJQSR,2823,C,证明文件起始日
FID_ZMWJYXQ,2824,C,证明文件有效期
FID_KGGD,2825,C,控股股东
FID_ZJLB_KGGD,2826,I,控股股东证件类别
FID_ZJBH_KGGD,2827,C,控股股东证件编号
FID_ZJQSR_KGGD,2828,C,控股股东证件起始日
FID_ZJYXQ_KGGD,2829,C,控股股东证件有效期
FID_FZR,2830,C,负责人
FID_ZJLB_FZR,2831,I,负责人证件类别
FID_ZJBH_FZR,2832,C,负责人证件编号
FID_ZJQSR_FZR,2833,C,负责人证件起始日
FID_ZJYXQ_FZR,2834,C,负责人证件有效期
FID_DH_FZR,2835,C,负责人电话
FID_SWDJZQSR,2836,C,税务登记证起始日
FID_JYZTSM,2837,C,经营状态说明
FID_SSDD,2838,C,上市地点
FID_YYBID,2839,I,营业部ID
FID_GSSWDJZ,2840,C,国税税务登记证
FID_GSSWDJZQSR,2841,C,国税税务登记证起始日
FID_GSSWDJZYXQ,2842,C,国税税务登记证有效期
FID_DSSWDJZ,2843,C,地税税务登记证
FID_DSSWDJZQSR,2844,C,地税税务登记证起始日
FID_DSSWDJZYXQ,2845,C,地税税务登记证有效期
FID_YYZZ,2846,C,营业执照
FID_YYZZQSR,2847,C,营业执照起始日
FID_YYZZYXQ,2848,C,营业执照有效期
FID_ZJYXQ_LXR,2849,C,联系人证件有效期
FID_WZDZ,2850,C,网站地址
FID_ZJKH,2851,C,资金卡号
FID_ZRCDFS,2852,C,责任承担方式
FID_KZRLX,2853,C,控制人类型
FID_XZBZ,2854,C,限制标志
FID_JWBZ,2855,C,境外标志
FID_JESX2,2856,R,金额上限2
FID_JEXX2,2857,R,金额下限2
FID_QSFS,2858,C,签署方式
FID_XYBB,2859,C,协议版本
FID_EN_HYDM,2860,C,合约代码范围
FID_CZMM,3002,C,操作密码
FID_TXMM,3004,C,通信密码
FID_GTKHLB,3006,C,柜台客户组织类别
FID_ROUTER,3007,C,路由营业部名称
FID_ENTRY,3008,C,配置文件变量名
FID_KHHQZ,3009,C,客户号前缀
FID_CHECKBOX,3010,C,CheckBox
FID_CZLB,3011,C,操作类别
FID_PUSH,3021,C,推送标志
FID_ZJBL,3022,C,资金比率
FID_HQZD,3023,C,行情涨跌
FID_ZDF,3024,R,行情涨跌幅
FID_HQZF,3027,C,行情振幅
FID_HSL,3028,R,换手率
FID_ICON,3029,C,图标号
FID_FZDM,3030,C,客户号所属分组代码
FID_FZMC,3031,C,客户号所属分组名称
FID_HFBH,3032,C,回复编号
FID_FSKHH,3033,C,发送客户号
FID_FSFJBZ,3034,C,发送客户号附加标志
FID_DFKHH,3035,C,对方客户代码
FID_STATE,3036,C,在线状态
FID_DLSJ,3037,C,登录时间
FID_QTSJ,3038,C,签退时间
FID_MLLB,3040,C,目录类别
FID_MLBM,3041,C,目录编码
FID_MLMC,3042,C,目录名称
FID_MLSM,3043,C,目录说明
FID_FORMAT,3044,C,目录格式
FID_DEFAULT,3045,C,缺省值
FID_DATA,3046,C,DATA
FID_JLBZ,3047,C,记录标志
FID_MBSMS,3050,C,对方手机号码
FID_MBMAIL,3051,C,对方邮件地址
FID_LBMC,3053,C,类别名称
FID_CSLX,3054,C,参数类型
FID_XMMC,3060,C,服务项目名称
FID_FWXZ,3061,C,服务项目限制
FID_RECNO,3062,C,结果记录号
FID_YJB,3063,C,邮件标题
FID_CCMAIL,3064,C,附送Mail地址
FID_YJXM,3065,C,预警项目
FID_PRODUCT,3071,C,产品名称
FID_VERSION,3072,C,产品版本号
FID_COMPANY,3073,C,公司名称
FID_LWTIME,3075,C,文件最近修改时间
FID_PKLEN,3076,C,文件数据包大小
FID_PACKAGE,3077,C,文件数据包
FID_SUBDIR,3078,C,文件子目录
FID_ZHBZ,3081,C,帐户标志
FID_IBY,3082,C,备用域
FID_BYDZ1,3085,C,备用地址1
FID_BYDZ2,3086,C,备用地址2
FID_BYDZ3,3087,C,备用地址3
FID_XH,3090,C,序号
FID_DXFDED,3107,C,短信封顶额度
FID_YJFDED,3108,C,邮件封顶额度
FID_DXFYBL,3109,C,短信费用比率
FID_YJFYBL,3110,C,邮件费用比率
FID_YXSJ,3113,C,有效时间
FID_LYLX,3114,C,留言类型
FID_KTZT,3115,I,开通状态
FID_YWSM,3116,C,业务说明
FID_WTFSDM,3200,C,委托方式代码
FID_PRIVATEKEY,3202,C,私钥保护密码
FID_YHJS,3301,C,用户角色
FID_YHLX,3302,C,用户类型
FID_CZQD,3303,C,操作渠道
FID_KTXY,3304,C,开通协议
FID_GFKHBZ,3305,C,规范客户标志
FID_SXDH,3306,C,首选电话
FID_SXDZ,3307,C,首选地址
FID_KHLY,3308,C,客户来源
FID_FWDJ,3309,C,服务等级
FID_ZJLB_FSYH,3310,I,发送银行证件类别
FID_KHFZ,3311,C,客户分组
FID_ZJKLX,3312,C,证件卡类型
FID_ZJKXYBZ,3313,C,证件卡校验标志
FID_WCNRBS,3314,C,未成年人标识
FID_ZHZB,3315,C,账户组别
FID_ZHJB,3316,C,账户级别
FID_ZHLX,3317,C,账户类型
FID_FZLL,3318,C,负债利率
FID_SXRQ,3319,C,生效日期
FID_ZJZH_OLD,3320,C,原资金账号
FID_QYLX,3321,C,企业类型
FID_WLFW,3322,C,网络服务
FID_KHLX,3323,C,开户类型
FID_ZYJG,3324,C,执业机构
FID_ZHYT,3325,C,账户用途
FID_ZDDM,3326,C,字段代码
FID_KHXZ,3327,C,客户性质
FID_YSJG,3328,C,原始机构
FID_YSJGWD,3329,C,原始机构网点
FID_TGSX,3330,C,托管属性
FID_LLLB,3331,C,利率类别
FID_ZZJZH,3332,C,主资金账号
FID_CGZJZH,3333,C,存管资金账号
FID_YHZH_NEW,3334,C,新银行账号
FID_CGZDBZ,3335,C,存管指定标志
FID_CGBZ,3336,C,存管标志
FID_YHZHQX,3337,C,银行账户权限
FID_YHZHXZ,3338,C,银行账户限制
FID_YHCWXX,3339,C,银行错误信息
FID_SQM,3340,C,授权码
FID_CGZJZH_ZR,3341,C,转入存管资金账号
FID_YHDM_ZR,3342,C,转入银行代码
FID_YWXTBH,3343,C,业务系统编号
FID_YWXTZH,3344,C,业务系统账号
FID_DJZCZH,3345,C,登记注册账号
FID_SCLB,3346,C,市场类别
FID_GFBS,3347,C,规范标识
FID_SCKHRQ,3348,C,首次开户日期
FID_YWBZ,3349,C,业务标志
FID_EN_YWBZ,3350,C,业务标志范围
FID_SJ,3351,C,当前时间
FID_BDLB,3352,C,变动类别
FID_CPLB,3353,C,产品类别
FID_BDFE,3354,C,变动份额
FID_DQFE,3355,C,当前份额
FID_KYYE,3356,C,可用余额
FID_DJSSL,3357,C,待交收数量
FID_KZFE,3358,C,可转份额
FID_JSSDFE,3359,C,交收锁定份额
FID_TSRQ,3360,C,退市日期
FID_SFLX,3361,C,收费类型
FID_GLRQ,3362,C,关联日期
FID_GLLSH,3363,C,关联流水号
FID_JYLSH,3364,C,交易流水号
FID_FEKZLB,3365,C,份额控制类别
FID_XYSX,3366,C,协议属性
FID_LLLBMC,3367,C,利率类别名称
FID_SCFL,3368,C,市场分类
FID_YYQKFS,3369,I,预约取款方式
FID_YYZDJE,3370,N,预约最大金额
FID_QRLB,3371,C,确认类别
FID_CGZH_NEW,3372,C,新存管账号
FID_FEKZSL,3373,I,份额控制数量
FID_LYBQH,3374,I,路由标签号
FID_LYBQMC,3375,C,路由标签名称
FID_ZJYE_TZJE,3376,C,资金余额调整金额
FID_KYZJ_TZJE,3377,C,可用资金调整金额
FID_ZQFQCRBS,3378,I,证券发起存入笔数
FID_ZQFQCRJE,3379,R,证券发起存入金额
FID_ZQFQQCBS,3380,I,证券发起取出笔数
FID_ZQFQQCJE,3381,R,证券发起取出金额
FID_YHFQCRBS,3382,I,银行发起存入笔数
FID_YHFQCRJE,3383,R,银行发起存入金额
FID_YHFQQCBS,3384,I,银行发起取出笔数
FID_YHFQQCJE,3385,R,银行发起取出金额
FID_ZCRJE,3386,R,总存入金额
FID_ZQCJE,3387,R,总取出金额
FID_DTLP,3388,C,动态令牌
FID_MMLX,3608,C,密码类型
FID_DEVICENAME,3800,C,物理设备名称
FID_DATANAME,3801,C,数据库名称
FID_DATASIZE,3802,C,数据库大小
FID_DEVICESIZE,3803,C,设备大小
FID_YJBCDM,3804,C,原件保存代码
FID_MINIMAGESIZE,3839,I,图像最小限制
FID_MAXIMAGESIZE,3840,I,图像最大限制
FID_ALERTIMAGESIZE,3841,I,图像最警告大小
FID_QZYZFS,3900,C,强制验证方式
FID_KXYZFS,3901,C,可选验证方式
FID_YZFS_SQCZR,3902,C,授权操作人验证方式
FID_APPID,4001,C,应用标识
FID_BCJJSL,4002,R,本次基金数量
FID_BGFHFS,4003,N,允许变更分红方式
FID_BKKBZ,4004,N,补扣款标志
FID_BRBZS1,4005,R,本日标准佣金
FID_BRCKJE,4006,R,本日存款金额
FID_BRCXZD,4007,N,本日撤销指定
FID_BRZDJY,4008,N,本日指定交易
FID_CBJ,4009,R,成本价
FID_CDYWLB,4010,N,菜单业务类别
FID_CFBL,4011,N,拆分比例
FID_CFBZ,4012,N,重发标志
FID_CFGDM,4013,C,成份股代码
FID_CFGSL,4014,N,成份股数量
FID_CJHBNO,4015,C,成交回报记录
FID_DFBZ,4016,C,对方币种
FID_DFDJSL,4017,R,对方冻结数量
FID_DFJGDM,4018,C,对方机构代码
FID_DFJSDM,4019,C,对方角色代码
FID_DFJSJG,4020,C,对方结算机构
FID_DFJSLX,4021,N,对方结算类型
FID_DFJSZH,4022,C,对方结算账户
FID_DFKHQZ,4023,C,对方客户群组
FID_DFLOGINID,4024,C,对方用户
FID_DFWJSSL,4025,R,对方未交收数量
FID_DFWZDM,4026,N,对方位置代码
FID_DFYHDM,4027,C,对方银行代码
FID_DFYHZH,4028,C,对方银行账户
FID_DFYWKM,4029,C,对方业务科目
FID_DFYZBM,4030,C,对方邮编
FID_DFZJBH,4031,C,对方证件编号
FID_DFZJLB,4032,C,对方证件类别
FID_DFZJZH,4033,C,对方资金账户
FID_DFZQDM,4034,C,对方证券代码
FID_DFZQSL,4035,R,对方证券数量
FID_DFZY,4036,C,对方摘要
FID_DJYE,4037,R,冻结余额
FID_DJYXRQ,4038,N,冻结有效日期
FID_DLCS,4039,N,登录次数
FID_DLKZFS,4040,N,登录控制方式
FID_DLSFBZ,4041,R,登录收费标准
FID_DLSFFW,4042,C,登录身份范围
FID_DLSFJE,4043,R,登录收费金额
FID_DLSFSX,4044,R,登录收费上限
FID_DZLXS,4045,R,待转利息税
FID_EDKZBZ,4046,N,额度控制标志
FID_EN_CJHBNO,4047,C,成交记录位置范围
FID_EN_FXDJ,4048,C,风险等级范围
FID_EN_GFXZ,4049,C,股份性质范围
FID_EN_JDBM,4050,C,节点范围
FID_EN_JJDM,4051,C,基金代码范围
FID_EN_JYQX,4052,C,交易权限范围
FID_EN_SFFS,4053,C,收费方式范围
FID_EN_WTFL,4054,C,委托分类范围
FID_EN_WTHQZ,4055,C,委托号前缀范围
FID_EN_YHDM,4056,C,银行代码范围
FID_EN_YWDM,4057,C,业务代码范围
FID_FHDM,4058,C,返回代码
FID_FHDWJE,4059,R,单位分红
FID_FILEID,4060,C,文件编号
FID_FJYRJYBZ,4061,N,非交易日交易标志
FID_FLSX,4062,N,分类属性
FID_FWFL,4063,R,服务费率
FID_FWFSX,4064,R,服务费上限
FID_FWFXX,4065,R,服务费下限
FID_FXBL,4066,R,风险比例
FID_FXPP,4068,N,风险匹配
FID_GRZDSCRGSG,4069,R,个人最低首次认购申购
FID_GRZDZJRGSG,4070,R,个人最低追加认购申购
FID_GRZGDTSH,4071,R,个人最高当天赎回份额
FID_HBJG,4072,N,回报结果
FID_HGBZ,4073,C,回滚标志
FID_HISTORY,4074,N,历史数据允许查询标志
FID_HLSYTS,4075,N,红利顺延天数
FID_HQCXCS,4077,N,行情查询次数
FID_HQMFCS,4078,N,行情免费次数
FID_HQSFBZ,4079,R,行情收费标准
FID_HQSFJE,4080,R,行情收费金额
FID_HS,4081,N,户数
FID_HZSJ,4082,C,回转时间
FID_INI,4083,C,配置
FID_JBQXLB,4084,C,基本权限类别
FID_JFSJ,4086,N,计费时间
FID_JGZDSCRGSG,4087,R,机构最低首次认购申购
FID_JGZDZJRGSG,4088,R,机构最低追加认购申购
FID_JGZGDTSH,4089,R,机构最高当天赎回份额
FID_JJCFZT,4090,N,基金拆分状态
FID_JJHBZT,4091,N,基金合并状态
FID_JJKHZT,4092,N,基金开户状态
FID_JJRGZT,4093,N,基金认购状态
FID_JJSGZT,4094,N,基金申购状态
FID_JJSHZT,4095,N,基金赎回状态
FID_JJZHSQFS,4096,N,基金账户申请方式
FID_JJZHSX,4097,N,基金账户属性
FID_JJZHZT,4098,N,基金转换状态
FID_JSBZ,4099,N,交收标志
FID_JSKZFS,4100,N,计时控制方式
FID_JSSFBZ,4101,R,计时收费标准
FID_JSSFDW,4102,N,计时收费单位
FID_JSSFJE,4103,R,计时收费金额
FID_JSSFQD,4104,N,计时收费起点
FID_JSSFSX,4105,R,计时收费上限
FID_JSSJSX,4106,N,计时时间上限
FID_JXJE,4107,R,计息金额
FID_JYJ,4108,R,净佣金
FID_JYLBSX,4109,N,交易类别属性
FID_JYLTJFS,4110,N,交易量统计方式
FID_JYSQH,4111,N,交易申请号
FID_KHFL,4112,C,客户分类
FID_KHXMXY,4113,C,客户姓名检验
FID_KWTSL,4114,R,可委托数量
FID_TJZC,4115,R,累计资产
FID_LLMBBH,4116,N,利率模板编号
FID_MCCJJE,4117,R,卖出成交金额
FID_MCCJSL,4118,R,卖出成交数量
FID_MCQSJE,4119,R,卖出清算金额
FID_MCWTJE,4120,R,卖出委托金额
FID_MCWTSL,4121,R,卖出委托数量
FID_MMBDRQ,4122,N,密码变动日期
FID_MMXZFS,4123,N,密码限制方式
FID_MRCJJE,4124,R,买入成交金额
FID_MRCJSL,4125,R,买入成交数量
FID_MRFHFS,4126,R,默认分红方式
FID_MRQSJE,4127,R,买入清算金额
FID_MRWTJE,4128,N,买入委托金额
FID_MRWTSL,4129,R,买入委托数量
FID_MXBZ,4130,N,明细标志
FID_ORDWTH,4131,C,订单编码类型
FID_OTHER,4132,N,其它业务允许标志
FID_PHRQ,4133,N,配号日期
FID_POSITION,4134,N,位置
FID_QRLSH,4135,C,确认流水号
FID_QSRQ,4136,N,清算日期
FID_QTDJ,4137,C,其它原因冻结
FID_QTFY,4138,R,其它费用
FID_QTMM,4139,C,其它密码
FID_QXSX,4140,N,权限属性
FID_QYRQ,4141,N,签约日期
FID_RGSGJS,4142,N,认购申购基数
FID_RQJS,4143,R,融券积数
FID_RZBZ,4144,N,入账标志
FID_RZJS,4145,R,融资积数
FID_S7,4146,R,服务费
FID_SBFS,4147,N,申报方式
FID_SFSX,4148,R,收费上限
FID_SGSHDM,4149,C,申赎代码
FID_SMBS,4150,N,扫描笔数
FID_SPBZ,4151,N,收盘标志
FID_SRRQ,4152,N,上日日期
FID_STAMP,4153,C,时间戳
FID_SXFSX,4154,R,手续费上限
FID_SXFXX,4155,R,手续费下限
FID_SXYK,4156,R,实现盈亏
FID_T3JS,4157,R,T3交收金额
FID_TABM,4158,C,基金公司编码
FID_TAKZSX,4159,N,TA控制属性
FID_TEST,4160,N,测试状态
FID_THREAD,4161,N,线程
FID_TSYWJSSJ,4162,C,特殊业务结束时间
FID_TXDZ,4163,C,通讯地址
FID_TXTS,4164,N,提醒天数
FID_WJSSL_B,4165,R,买入未交收
FID_WJSSL_S,4166,R,卖出未交收
FID_WTBZ,4167,C,委托标志
FID_WTDJJE,4168,R,委托冻结金额
FID_WTHQZ,4169,C,委托号前缀
FID_WTMARK,4170,C,委托记号
FID_WZDM,4171,N,位置代码
FID_XSSL,4172,R,限售数量
FID_XTZT,4173,N,系统状态
FID_XYZT,4174,N,协议状态
FID_XZFS,4175,N,限制方式
FID_YDH,4176,N,约定号
FID_YGXJCE,4177,R,预估现金差额
FID_YHKZSX,4178,N,银行控制属性
FID_YWBS,4179,N,业务笔数
FID_YWRQ,4180,N,业务日期
FID_YYBBH,4181,C,营业部编号
FID_ZCSMJG,4182,N,正常扫描间隔
FID_ZCTJFS,4183,N,资产统计方式
FID_ZCZQSZ,4184,R,转出证券市值
FID_ZDHS,4185,N,指定户数
FID_ZJBHXY,4186,C,证件编号检验
FID_ZJDM,4187,C,资金代码
FID_ZJSBSJ,4188,C,最近申报时间
FID_ZQFXDJ,4189,C,证券风险等级
FID_ZQJCLB,4190,C,证券基础类别
FID_ZQJYSX,4191,N,证券交易属性
FID_ZQLBXZFS,4192,N,证券类别限制方式
FID_ZQSXFW,4193,N,证券属性范围
FID_ZQXZMS,4194,N,证券限制模式
FID_ZQYWDM,4195,C,证券业务范围
FID_ZRZQSZ,4196,R,转入证券市值
FID_ZYQDM,4197,C,质押券代码
FID_ZZKSSJ,4198,C,转账开始时间
FID_ZZLB,4199,N,转账类别
FID_ZZQDM,4200,C,主证券代码
FID_LTLX,4201,C,流通类型
FID_BBFUNCID,4202,I,报表函数功能号
FID_BBBSC,4203,C,报表标识串
FID_BBSORTTYPE,4204,I,报表数据查询的排序方式
FID_BBCXLB,4205,C,报表查询类别
FID_BBFIELDNAME,4206,C,报表字段名
FID_BBTYPE,4207,C,报表参数类型
FID_BBVALUE,4208,C,报表属性值
FID_BBROWNUM,4209,I,报表记录行号
FID_BBSJJDM,4210,C,报表数据集代码
FID_JYRQ,4211,C,交易日期
FID_TDLX_BF,4212,I,备份通道类型
FID_SGWTSL,4213,R,申购委托数量
FID_DFJDBM,4214,C,对方节点编码
FID_GRZDJC,4215,I,个人最大减持
FID_JGZDJC,4216,I,机构最大减持
FID_CPTX,4217,I,产品特性
FID_GSJZB,4218,N,公司净资本
FID_JSJE,4219,R,交收金额
FID_DYSZ,4220,R,抵押市值
FID_YJGHRQ,4221,N,预计购回日期
FID_DYKHJZD,4222,R,单一客户集中度
FID_DYZQJZD,4223,R,单一证券集中度
FID_DBJYJZD,4224,R,单笔交易集中度
FID_QYBH,4225,I,权益编号
FID_SKYPE,4226,C,SKYPE账号
FID_SYR,4227,C,受益人
FID_DH_LXR,4228,C,联系人电话
FID_YXMRJ,4236,R,意向买入价
FID_YXMCJ,4237,R,意向卖出价
FID_YXMRL,4238,R,意向买入量
FID_YXMCL,4239,R,意向卖出量
FID_ZFQDBH,4240,C,支付渠道编号
FID_HTBH,4242,C,合同编号
FID_YCLX,4243,C,异常类型
FID_HTLX,4244,C,合同类型
FID_HTZT,4245,C,合同状态
FID_KHFXDJ,4246,C,客户风险等级
FID_CPFXDJ,4247,C,产品风险等级
FID_WFSY,4248,C,未付收益
FID_PJBH,4249,C,票据编号
FID_WX,4250,C,微信账号
FID_CPBM,4251,C,产品别名
FID_CPGS,4252,C,产品公司
FID_MJKSRQ,4253,C,募集开始日期
FID_MJJSRQ,4254,C,募集结束日期
FID_CPCLRQ,4255,C,产品成立日期
FID_CPJSRQ,4256,C,产品结束日期
FID_ZDMJJE,4257,C,产品最低募集金额
FID_ZGMJJE,4258,C,产品最高募集金额
FID_TJKSRQ,4259,C,推介开始日期
FID_TJJSRQ,4260,C,推介结束日期
FID_TJGM,4261,C,推介规模
FID_CPQX,4262,C,产品期限
FID_CPPGDJ,4263,C,评估等级
FID_FXMZ,4264,C,发行面值
FID_YQSYL,4265,C,预期收益率
FID_TGYH,4266,C,托管银行
FID_RGFL,4267,C,认购费率
FID_RGRSSX,4268,C,认购人数上限
FID_DRSGZDJE,4269,C,单日申购最高金额
FID_GRZDSGZJ,4270,C,个人最低申购金额
FID_JGZDSGZJ,4271,C,机构最低申购金额
FID_SHDW,4272,C,赎回最小单位
FID_SHZDFE,4273,C,赎回最低份额
FID_XZLSH,4274,C,协作流水号
FID_ZFZT,4275,C,支付状态
FID_JZSZ,4276,C,净值市值
FID_TZSL,4277,C,投资数量
FID_CPFZLB,4278,C,产品辅助类别
FID_PDDM,4279,C,配对代码
FID_DKLX,4280,C,多空类型
FID_SZJ,4281,C,市值价
FID_CXMS,4282,C,查询模式
FID_YHTKHH,4283,C,一户通客户号
FID_KFRQ,4284,C,开放日期
FID_NEWZHH,4285,C,新账户号
FID_NHSYL,4286,C,年化收益率
FID_GHLX,4287,C,过户类型
FID_SYBS,4288,C,剩余笔数
FID_SYED,4289,C,剩余额度
FID_TZNX,4290,C,投资年限
FID_JYCS,4291,C,交易次数
FID_GZNX,4292,C,工作年限
FID_ZJYNGRSR,4293,C,最近一年个人年收入
FID_ZJYNJTSR,4294,C,最近一年家庭年收入
FID_ZJSNLJGRSR,4295,C,最近三年累计个人年收入
FID_ZJSNLJJTSR,4296,C,最近三年累计家庭年收入
FID_KHJZC,4297,C,客户净资产
FID_XXFSQD,4300,I,信息发送渠道
FID_CC,4301,C,抄送
FID_BCC,4302,C,密送
FID_DJBM,4306,C,定价编码
FID_MJZJGM,4401,C,募集资金规模
FID_YXCRGFBL,4402,C,意向出让股份比例
FID_BFFS,4403,C,拨付方式
FID_LTCYJBL,4404,C,领投诚意金比例
FID_GTCYJBL,4405,C,跟投诚意金比例
FID_LTJEXX,4406,C,领投金额下限
FID_LTJESX,4407,C,领投金额上限
FID_GTJEXX,4408,C,跟投金额下限
FID_GTJESX,4409,C,跟投金额上限
FID_HBXWDM,5001,C,回报席位代码
FID_JYSHTH,5002,C,交易所执行编号(不是成交编号)
FID_CX_SBWTH,5003,C,撤单申报委托号
FID_CPQC,6000,C,产品全称
FID_CPDM_WB,6001,C,产品外码
FID_SYLX,6002,I,收益类型
FID_CPGM,6003,I,产品规模（万）
FID_SFXCP,6004,I,新产品
FID_RGJS_JG,6005,R,机构认购基数
FID_SGJS_JG,6006,R,机构申购基数
FID_BFSHYEXX,6007,R,部分赎回余额下限
FID_SFYXDCGM,6008,I,是否允许多次购买
FID_SFYXDCYY,6009,I,是否预先多次预约
FID_CDKZ,6010,I,撤单控制
FID_FXBPPXZ,6011,I,风险不匹配限制
FID_CCWWZS,6012,I,允许持仓外围展示
FID_YXBZ,6013,C,营销标志
FID_FXDJBM_DSF,6014,C,第三方风险等级编码
FID_SJBZ,6015,I,上架标志
FID_RGJKR,6016,I,认购缴款日
FID_SGJKR,6017,I,申购缴款日
FID_DTJKR,6018,I,定投缴款日
FID_RGTKSY,6019,I,认购退款顺延
FID_ZRJSR,6020,I,转让结算日
FID_MJSBTKSY,6021,I,募集失败退款顺延
FID_GRRGXE,6026,I,个人认购限额
FID_JGRGXE,6027,I,FID_JGRGXE
FID_YZHGTZZ,6028,I,是否需要验证合格投资者
FID_ID,9001,C,档案编号
FID_MODULE,9002,C,模块名
FID_NAME,9003,C,模块文件
FID_CLASE,9004,C,模块分类
FID_LEVEL,9006,C,优先级别
FID_OLDVER,9007,C,旧版本
FID_LASTVER,9008,C,新版本
FID_WHYS,9009,C,修改原因
FID_FILEPATH,9011,C,文件路径
FID_MENDER,9012,C,修改人
FID_CONNER,9013,C,测试人
FID_MODIRQ,9014,C,修改日期
FID_TESTRQ,9015,C,测试日期
FID_CONCLUSION,9016,C,测试结论
FID_UPNOTE,9017,C,升级提示
FID_STATUS,9018,C,记录状态
FID_RESOLVEN,9019,C,关联提示
FID_FLAG,9020,C,档案类型
FID_DIFF,9021,C,难度
FID_YZJB,9022,C,严重级别
FID_RWBH,9023,C,任务编号
FID_DIR,9024,C,运行目录
FID_CPID,9025,C,产品ID
FID_XQLX,9026,C,需求类型
FID_XQLY,9027,C,需求来源
FID_XQMS,9028,C,需求描述
FID_XQLXF,9029,C,需求联系方
FID_XGFA,9030,C,修改方案
FID_FASP,9031,C,方案审批人
FID_FASPRQ,9032,C,方案审批日期
FID_JRX,9033,C,兼容性
FID_FFJH,9034,C,发放计划
FID_XGR,9035,C,修改人
FID_XGJD,9036,C,修改进度
FID_CSR,9037,C,测试人
FID_CSJD,9038,C,测试进度
FID_YMTS,9039,C,源码提示
FID_XGFK,9040,C,修改反馈
FID_XGWCRQ,9041,C,修改完成日期
FID_CSFK,9042,C,测试反馈
FID_CSWCRQ,9043,C,测试完成日期
FID_HFYJ,9044,C,回访意见
FID_HFRQ,9045,C,回访日期
FID_HFR,9046,C,回访人
FID_RWB,9047,C,任务标题
FID_MTYPE,9048,C,类型
FID_GYXM,9049,C,柜员姓名
FID_JLZ,9050,C,记录状态
FID_GH,9051,C,工号
FID_KHMC,9052,C,客户名称
FID_WHR,9053,C,维护人
FID_XZR,9054,C,协助人
FID_KHID,9055,C,客户ID
FID_WTMS,9056,C,问题描述
FID_FXDW,9057,C,分析定位
FID_JJFS,9058,C,解决方式
FID_JJGC,9059,C,解决过程
FID_CLYS,9060,C,处理用时
FID_FSRQ,9061,C,发生日期
FID_WTFL,9062,C,委托分类范围
FID_GROUP,9063,C,组
FID_SECURITY,9064,C,SECURITY
FID_GXQ,9065,C,GXQ
FID_CPXX,9066,C,产品信息
FID_KHZB,9067,C,客户总部
FID_QYZB,9068,C,QYZB
FID_CZ,9069,C,传真
FID_ZJL,9070,C,总经理
FID_ZJLDH,9071,C,总经理电话
FID_ZJLMAIL,9072,C,总经理EMAIL
FID_JL,9073,C,经理
FID_JLDH,9074,C,经理电话
FID_JLMAIL,9075,C,经理EMAIL
FID_LXR,9076,C,联系人
FID_CRDATE,9077,C,创建日期
FID_ENGINEERS,9078,C,工程师
FID_HFRQ2,9079,C,恢复日期2
FID_DJR,9080,C,登记人
FID_ZW,9081,C,职位
FID_WHBT,9082,C,维护标题
FID_FLAG1,9083,C,FLAG1
FID_FLAG2,9084,C,FLAG2
FID_XQLB,9085,C,需求类别
FID_MSN,9086,C,MSN
FID_SPFA,9087,C,审批方案
FID_SJNR,9088,C,涉及内容
FID_LCRZ,9089,C,流程日志
FID_SPR,9090,C,审批人
FID_SPRQ,9091,C,审批日期
FID_GZR,9092,C,跟踪人
FID_XQBT,9093,C,需求标题
FID_ZPR,9094,C,指派人
FID_RWMS,9095,C,任务描述
FID_ZPRQ,9096,C,指派日期
FID_GMZQ,9097,N,更密周期
FID_GYZT,9098,N,柜员状态
FID_KSSJ,9099,C,开始时间
FID_JSSJ,9100,C,结束时间
FID_XZQYDM,9101,C,行政区域代码
FID_XZQYMC,9102,C,行政区域名称
FID_XZQYLB,9103,C,行政区域类别
FID_SJXZQYDM,9104,C,上级行政区域代码
FID_DHQH,9105,N,电话区号
FID_KHBS,9106,C,客户标识
FID_KHZT,9107,N,客户状态
FID_ZT,9108,N,状态
FID_SORTTYPE,9109,I,数据查询的排序方式
FID_ROWCOUNT,9110,N,行号
FID_LPDM,9111,C,礼品代码
FID_YWSHBZ,9112,N,业务审核标志
FID_YWSHQD,9113,N,是否需业务审核
FID_LPZCDS,9114,R,礼品转存底数
FID_SRJE,9115,R,收入金额
FID_FCJE,9116,R,付出金额
FID_CZBZ,9117,C,冲销标志
FID_JSJ,9118,R,结算价
FID_YSJE_YJ,9119,R,一级应收金额
FID_JGZLLB,9120,N,交割资料类别
FID_S11,9121,R,一级经手费
FID_S12,9122,R,一级证管费
FID_S13,9123,R,一级过户费
FID_S15,9124,R,一级结算费
FID_S16,9125,R,一级风险基金
FID_BZQDM,9126,C,标准券代码
FID_CWLB,9127,C,错误类别
FID_YHMM,9128,C,银行密码
FID_JJDM,9129,C,基金代码
FID_JJMC,9130,C,基金名称
FID_XJTDBL,9131,R,现金替代比例
FID_WTJE,9132,R,委托金额
FID_SGSHZT,9133,N,申购赎回状态
FID_TDBZ,9134,N,替代标志
FID_ZDXW,9135,C,指定席位
FID_XJCE,9136,R,现金差额
FID_TDJE,9137,R,替代金额（现金替代金额）
FID_DWJZ,9138,R,单位净值
FID_SGSHDWJZ,9139,R,申购赎回单位净值
FID_CZGY,9140,C,操作柜员
FID_FYBL,9141,R,费用比例
FID_JYL,9142,R,交易量
FID_XGPZ,9143,C,相关品种
FID_XGZH,9144,C,相关帐号
FID_JESX,9145,R,金额上限
FID_FSSL,9146,N,发生数量
FID_LXJE,9147,R,利息金额
FID_LXJG,9148,R,利息价格
FID_PLWTPCH,9149,N,批量委托批次号
FID_SEQNO,9150,N,历史数据序列号
FID_SBXW,9151,C,申报席位
FID_XWDM,9152,C,席位代码
FID_EN_JGZLLB,9153,C,交割资料类别范围
FID_WBJGDM,9154,C,外部机构代码
FID_WBFJJYLB,9155,N,外部附加交易类别（业务类别）
FID_CZWBSQBH,9156,C,冲正外部申请编号
FID_WBSQBH,9157,C,外部申请编号
FID_RWSM,9158,C,任务说明
FID_FHRQ,9159,I,复核日期
FID_FLLBFW,9160,C,费率类别范围
FID_JYSFW,9161,C,交易所范围
FID_SDSL,9162,R,所得税率
FID_WTFSFW,9163,I,委托方式范围
FID_ZDJSBZ,9164,I,自动计算标志
FID_JYLBFW,9165,C,交易类别范围
FID_TJZQS,9166,I,统计周期数
FID_JJZHCD,9167,I,基金帐号长度
FID_JYMCD,9168,I,交易码长度
FID_SQBHCD,9169,I,申请编号长度
FID_JJZHSCFS,9170,I,基金帐号生成方式
FID_JYZHQZ,9171,C,交易帐号前缀
FID_KYJJZH_GR,9172,C,可用基金帐号_个人
FID_KYJJZH_JG,9173,C,可用基金帐号_机构
FID_FEDZZT,9174,I,份额对帐状态
FID_HBDZBZ,9175,I,合并对帐标志
FID_FEDZXM,9176,I,份额对帐项目
FID_FEDZFS,9177,I,份额对帐方式
FID_FJYGHLB,9178,I,代理非交易过户类别
FID_JGSCRGZDZJ,9179,R,机构首次认购最低金额
FID_GRSCRGZDZJ,9180,R,个人首次认购最低金额
FID_GRZJRGZDZJ,9181,R,个人追加认购最低金额
FID_JGZJRGZDZJ,9182,R,机构追加认购最低金额
FID_GRZDRGZJ,9183,R,个人最低认购金额
FID_JGZDRGZJ,9184,R,机构最低认购金额
FID_GRSCSGZDZJ,9185,R,个人首次申购最低金额
FID_JGSCSGZDZJ,9186,R,机构首次申购最低金额
FID_GRZJSGZDZJ,9187,R,个人追加申购最低金额
FID_JGZJSGZDZJ,9188,R,机构追加申购最低金额
FID_GRSHZDFE,9189,R,个人赎回最低份额
FID_JGSHZDFE,9190,R,机构赎回最低份额
FID_GRCCZDFE,9191,R,个人持仓最低限额
FID_JGCCZDFE,9192,R,机构持仓最低限额
FID_SHSYTS,9193,I,赎回顺延天数
FID_HLHKTS,9194,I,红利到款延迟天数
FID_GRZDZHFE,9195,R,个人最低转换份额
FID_JGZDZHFE,9196,R,机构最低转换份额
FID_SGJSBZ,9197,I,手工结算标志
FID_TADM,9198,C,基金公司代码
FID_FQRDM,9199,C,发起人代码
FID_FXZFE,9200,R,发行总份额
FID_GLRDM,9201,C,管理人代码
FID_JJJC,9202,C,基金简称
FID_JJQC,9203,C,基金全称
FID_JJJZ,9204,R,基金净值
FID_DFJJDM,9205,C,对方基金代码
FID_RGFS,9206,I,认购方式
FID_RGJS,9207,I,认购基数
FID_SGJS,9208,I,申购基数
FID_TGRDM,9209,C,托管人代码
FID_TDLX,9210,I,通道类型
FID_MODULE_ID,9211,I,模块ID
FID_ZKLX,9212,I,折扣类型
FID_ZKL,9213,R,折扣率
FID_DXBS,9214,C,对象标识
FID_DXLB,9215,I,对象类别
FID_BDKHBZ,9216,I,本地开户标志
FID_DJYY,9217,I,冻结原因
FID_FRXM,9218,C,法人姓名
FID_DZDLB,9219,I,对帐单类别
FID_FRZJLB,9220,I,法人证件类别
FID_FRZJBH,9221,C,法人证件编号
FID_JBRXM,9222,C,经办人姓名
FID_JBRZJLB,9223,I,经办人证件类别
FID_JBRZJBH,9224,C,经办人证件编号
FID_YSQBH,9225,C,原申请编号
FID_ZJJSLX,9226,I,资金结算类型
FID_YYRQ,9227,I,预约日期
FID_JJZH,9228,C,基金帐号
FID_JJZHXM,9229,C,基金帐户姓名
FID_XSDM,9231,C,销售代码
FID_TJDM,9232,C,统计代码
FID_JJFL,9233,I,基金分类
FID_GRZGCYBL,9234,R,个人最高持有比例
FID_JGZGCYBL,9235,R,机构最高持有比例
FID_MRFS,9236,I,认购申购默认方式
FID_KYSL,9237,I,可用数量
FID_WTFE,9238,R,委托份额
FID_YYBZ,9239,I,预约标志
FID_ORDERS,9240,I,订单顺序号
FID_DFJJZH,9241,C,对方基金帐号
FID_DFJYZH,9242,C,对方交易帐号
FID_DFWDH,9243,C,对方网点号
FID_DFXSSDM,9244,C,对方销售商代码
FID_PZDM,9245,C,品种代码
FID_DFSFFS,9246,I,对方收费方式
FID_GHYY,9247,I,过户原因
FID_JJSL,9248,R,基金份额数量
FID_LJWYCS,9249,I,累计违约次数
FID_LXWYCS,9250,I,连续违约次数
FID_QQCS,9251,I,欠缺次数
FID_SCKKRQ,9252,I,上次扣款日期
FID_MYKKRQ,9253,I,每月扣款日期
FID_SGJE,9254,R,申购金额
FID_SCSGZDJE,9255,R,首次申购最低金额
FID_SGZDJE,9256,R,申购最低金额
FID_CONTENT,9257,C,内容
FID_TITLE,9258,C,标题
FID_GGLB,9259,I,公告类别
FID_JYZH,9260,C,交易帐号
FID_TALSH,9261,C,TA流水号
FID_QRRQ,9262,I,确认日期
FID_QRFE,9263,R,确认份额
FID_QRJE,9264,R,确认金额
FID_DLF,9265,R,代理非
FID_SHF,9266,R,赎回费
FID_YHS,9267,R,印花税
FID_ZFE,9268,R,总份额
FID_DJFE,9269,R,冻结份额
FID_KYFE,9270,R,可用份额
FID_DZRQ,9271,I,到帐日期
FID_SFHLJE,9272,R,实际红利金额
FID_HLZJE,9273,R,红利总金额
FID_FHDWFE,9274,R,分红单位份额
FID_FHJJFE,9275,R,分红基金份额
FID_ZTZFE,9276,R,再投资份额
FID_DJZTZFE,9277,R,冻结再投资份额
FID_YJKBFS,9278,I,佣金捆绑方式
FID_ZFHJE,9279,R,总返还金额
FID_HGRQFCJE,9280,R,回购融券付出金额
FID_HGRZSRJE,9281,R,回购融资收入金额
FID_RQGHSRJE,9282,R,融券购回收入金额
FID_RZGHFCJE,9283,R,融资购回付出金额
FID_HLPFJE,9284,R,红利派发金额
FID_PGJKJE,9285,R,配股缴款金额
FID_SGZQFC,9286,R,申购中签付出
FID_ZQDFJE,9287,R,债券兑付金额
FID_ZZLGJE,9288,R,转债零股资金
FID_BYSJE,9289,R,买应收金额
FID_SGKFC,9290,R,申购款付出金额
FID_SGKSR,9291,R,申购款收入金额
FID_SYSJE,9292,R,卖应收金额
FID_WGHZJ,9293,R,未购回资金
FID_WHSGK,9294,R,未回申购款
FID_BRKHSL,9295,I,本日开户数量
FID_BRXHSL,9296,I,本日销户数量
FID_MCDXSL,9297,I,卖出抵消数量
FID_MRDXSL,9298,I,买入抵消数量
FID_SGCJSL,9299,I,申购成交数量
FID_SHCJSL,9300,I,赎回成交数量
FID_FEMXLSH,9301,C,份额明细流水号
FID_FEDZRQ,9302,C,份额到帐日期
FID_ZJDZRQ,9303,C,资金到帐日期
FID_FHDJFE,9304,C,分红冻结份额
FID_FEYE,9305,C,份额余额
FID_RGJE,9306,R,认购金额
FID_SHFE,9307,I,赎回份额
FID_BRBD,9308,R,本日变动金额
FID_XYJKFSJE,9309,R,信用借款发生金额
FID_XYJKYE,9310,R,信用借款余额
FID_FILEZAP,9311,I,文件压缩
FID_MZZL,9312,C,面值种类
FID_QX,9313,I,期限
FID_DQBH,9314,C,当前编号
FID_DFJG,9315,C,债券兑付价格
FID_FXED,9316,I,债券发行额度
FID_FXSL,9317,I,债券发行数量
FID_TS,9318,I,天数
FID_SXFL,9319,I,手续费率
FID_YQLL,9320,I,逾期利率
FID_TGFL,9321,I,托管费率
FID_LJJZ,9322,D,基金累计净值
FID_MWFSY,9323,D,每万份收益
FID_NSYL,9324,D,基金年化收益率(%)
FID_TGJE,9325,I,债券购买金额
FID_DBGBH,9326,C,代保管编号
FID_DBGRQ,9327,I,代保管日期
FID_DFJE,9328,D,兑付金额
FID_DFLX,9329,D,兑付利息
FID_DFGY,9330,C,兑付柜员
FID_DFYYB,9331,C,兑付营业部
FID_GSRQ,9332,I,挂失日期
FID_NBDM,9333,C,债券代码
FID_DBGGY,9334,C,代保管柜员
FID_DBGYYB,9335,C,代保管营业部
FID_NF,9336,I,年份
FID_XQJE,9337,D,现券金额
FID_DBBC,9338,I,代表变差
FID_XQBC,9339,I,现差变差
FID_DBGBD,9340,I,代保管变动
FID_XQBD,9341,I,现券变动
FID_DBGSJ,9342,C,代保管时间
FID_GSSJ,9343,C,挂失时间
FID_DFSJ,9344,C,兑付时间
FID_PLRQ,9345,I,派利日期
FID_PLSJ,9346,C,派利时间
FID_DBGJE,9347,C,代保管金额
FID_TGBD,9348,C,托管变动
FID_SCDBG,9349,C,上次代保管
FID_SCXQ,9350,C,上次现券
FID_SCTG,9351,C,上次托管
FID_PZSM,9352,C,品种说明
FID_QYBZ,9353,I,签约标志
FID_QYJJDM,9354,C,签约基金代码
FID_DXDM,9355,C,短信代码
FID_DXMC,9356,C,短信名称
FID_JJFXDJ,9357,I,基金风险等级
FID_KHQR,9358,I,客户确认标志
FID_GRRGSGDBZGJE,9359,R,个人认购申购单笔最高金额
FID_GRRGSGDTZGJE,9360,R,个人认购申购当天最高金额
FID_MCDJSL,9361,C,卖出冻结数量
FID_JGRGSGDBZGJE,9362,R,机构认购申购单笔最高金额
FID_JGRGSGDTZGJE,9363,R,机构认购申购当天最高金额
FID_LCCPBZ,9364,I,基金理财产品标志
FID_CDYY,9365,C,撤单原因
FID_MRBDRQ,9366,I,买入变动日期
FID_MCBDRQ,9367,I,卖出变动日期
FID_GRSHDBSX,9368,R,个人赎回单笔上限
FID_GRSHDRSX,9369,R,个人赎回当日上限
FID_JGSHDBSX,9370,R,机构赎回单笔上限
FID_JGSHDRSX,9371,R,机构赎回当日上限
FID_ZZHBM,9372,C,子账户编码
FID_QQLX,9373,C,期权类型
FID_BDZQLX,9374,C,期权标的证券型型
FID_MMFX,9375,C,期权买卖方向
FID_QQBDBQ,9377,C,期权备兑标签
FID_QQHYDM,9378,C,期权合约代码
FID_QQHYMC,9379,C,期权合新名称
FID_STEPEX,9380,C,STEP字段域
FID_ZJSJ,9381,R,昨结算价(期权)
FID_BDZSP,9382,R,期权标的昨收盘
FID_BDZXJ,9383,R,期权标的最新价
FID_QQLA,9384,R,看涨方向可开仓量
FID_QQLS,9385,R,看涨方向套保可开仓量
FID_QQSA,9386,R,看跌方向可开仓量
FID_QQSS,9387,R,看跌方向套保可开仓量
FID_CBM,9418,C,字符编码
FID_SDXLB,9451,C,适当性类别
FID_BJDZT,9500,C,报价单状态
FID_WJLZ,9501,C,问卷栏组
FID_WJLM,9502,C,问卷栏目
FID_DAFZ,9503,C,答案分值
FID_ZJYT,9504,C,资金用途
FID_LJSY,9505,C,累计收益
FID_YJSY,9506,C,预计收益
FID_RGSX_GR,9508,C,认购上限(个人)
FID_RGSX_JG,9509,C,认购上限(机构)
FID_ZXTBZ,9998,C,主系统标志
FID_PAY_LSH,30501,C,流水号
FID_ZFZH,30502,C,支付账号
FID_PAY_ZJZH,30503,C,资金账号
FID_YHBM,30504,C,银行编码
FID_YHKH,30505,C,银行卡号
FID_PAY_XM,30506,C,姓名
FID_ZJLX,30507,C,证件类型
FID_PAY_ZJBH,30508,C,证件编号
FID_JYLX,30509,C,交易类型
FID_PAY_ZY,30514,C,摘要
FID_PAY_WBLSH,30515,C,外部流水号
FID_FZJGBM,30516,C,分支机构编码
FID_TELNO,30518,C,电话号码
FID_YWBM,30520,C,业务编码
FID_REQMSG,30521,C,请求报文
FID_RESPMSG,30522,C,应答报文
FID_REQSURL,30523,C,前端请求地址
FID_RESPURL,30524,C,后台应答地址
FID_JYFHM,30525,C,交易返回码
FID_JYFHMXX,30526,C,交易返回码信息
FID_PAY_QSRQ,30527,C,清算日期
FID_RESPHTML,30528,C,应答页面
FID_IPADDRESS,30529,C,IP地址
FID_FJXX1,30530,C,附加信息1
FID_JYDDH,30531,C,交易订单号
FID_SHJC,30532,C,商户简称
FID_JYJE,30534,C,交易金额
FID_ZFJE,30535,C,支付金额
FID_FJXX2,30536,C,附加信息2
FID_SLFJYLSH,30537,C,受理方交易流水号
FID_YSQFJYLSH,30538,C,原申请方交易流水号
FID_YJYRQ,30539,C,原交易日期
FID_PCH,30541,C,批次号
FID_YJYDDH,30544,C,原交易订单号
FID_CXJG,30545,C,查询结果
FID_YQSRQ,30546,C,原清算日期
FID_YYSJ,30548,C,预约时间
FID_SQFJYLSH,30549,C,申请方交易流水号
FID_DDZT,30550,C,订单状态
FID_SPBH,30551,C,商品编号
FID_FSBZ,30554,C,发送标志
FID_TZRQ,30556,C,通知日期
FID_TZSJ,30557,C,通知时间
FID_QYXYH,30558,C,签约协议号
FID_PAY_JYRQ,30559,C,交易日期
FID_SPMC,30561,C,商品名称
FID_CZLSH,30564,C,冲正流水号
FID_YJYLX,30565,C,原交易类型
FID_JDJE,30568,C,解冻金额
FID_QRYZBZ,30570,C,强弱认证标识
FID_ZKBZ,30571,C,主卡标志
FID_PAY_YWKM,30573,C,业务科目
FID_PAY_SRJE,30574,C,收入金额
FID_PAY_FCJE,30575,C,付出金额
FID_PAY_JSRQ,30576,C,交收日期
FID_DRCKBZ,30577,C,当日存款标志
FID_PAY_CPDM,30578,C,产品代码
FID_BCZHYE,30583,C,本次账户余额
FID_OLDMM,30585,C,旧密码
FID_VERIFY_DXYZM,60024,C,短信验证码
FID_PAY_ZJLY,60027,C,资金来源
FID_TBRQ,60034,C,同步日期
FID_TBSJ,60035,C,同步时间
FID_WBKYZJ,60036,C,外部可用资金
FID_WBKQZJ,60037,C,外部可取资金
FID_WBZZC,60038,C,外部总资产
FID_JFZH,60039,C,缴费账号
FID_JFDWH,60040,C,缴费单位号
FID_ZDHM,60041,C,账单号码
FID_ZDQTXX,60042,C,账单其他信息
FID_ZDCXJYLSH,60043,C,账单查询交易流水号
FID_ZDCXJYRQ,60044,C,账单查询交易日期
FID_SFQDJYLSH,60045,C,缴费渠道交易流水号
FID_ZDXXXX,60046,C,账单详细信息
FID_DBED,60048,C,单笔额度
FID_DRED,60049,C,当日额度
FID_LSED,60050,C,临时额度
FID_EDLX,60053,C,额度类型
FID_QYSJ,60069,C,签约时间
FID_QYXM,60070,C,签约时留存的账户名称
FID_QYZT,60071,C,签约状态
FID_QYXX,60072,C,签约信息
FID_YSJYSXF,60073,C,应收交易手续费
FID_YFJYSXF,60074,C,应付交易手续费
FID_HFJSJE,60080,C,划付结算金额
FID_ZXJSJE,60081,C,正向结算金额
FID_CCJSJE,60082,C,差错结算金额
FID_NXJSJE,60082,C,逆向结算金额
FID_NXFHJSJE,60084,C,逆向返回结算金额
FID_ZHJSJE,60085,C,账户类结算金额
FID_PAY_ZJDJLSH,60100,C,资金冻结流水号
FID_FREEZE_CODE,60101,C,资金池接口调用结果
FID_XZJSJE,60102,C,销帐结算金额
FID_TZZT,60103,C,通知状态
FID_ZJDJLB,60104,C,资金冻结类别
FID_KHQD,60111,C,开户渠道
FID_RESPNAME,60114,C,密文串对应的属性名
FID_YWKMMC,60115,C,业务科目名称
FID_QRRZFS,60142,C,认证方式
FID_DXYZBZ,60143,C,短信验证标志
FID_DBED_KS,60147,C,单笔额度(快速认证)
FID_DRED_KS,60148,C,单日额度(快速认证)
FID_DBZCED,60122,C,单笔转出额度(强认证)
FID_DRZCED,60124,C,单日转出额度(强认证)
FID_DBZCED_KS,60151,C,单笔转出额度(快速认证)
FID_DRZCED_KS,60152,C,单日转出额度(快速认证)
FID_KHSM,60149,C,强认证开户说明
FID_DZSM,60150,C,资金转入到账说明
FID_KHSM_KS,60153,C,快速认证开户说明
FID_ZCDZSM,60154,C,资金转出到账说明
FID_ZZMS,6022,C,转账模式
FID_SBCL,6024,C,失败处理
FID_JHBZ,9510,C,激活标志
FID_XSSDM,30510,C,销售商代码
FID_SHH,30533,C,商户号
FID_MMGS,2071,C,密码格式
FID_XTLXQZ,2025,C,系统类型前缀
FID_LXDZ,2274,C,联系地址
FID_SF,60155,C,省份
FID_CS,60156,C,城市
FID_YT,60157,C,用途
FID_FKBZ,60158,C,付款标志
FID_KYXQ,60159,C,卡有效期
FID_CVV2,60160,C,CVV2
FID_HL,60161,C,汇路
FID_KHHLHH,60162,C,开户行联行号
UI_FID_MMLX,2016,C,密码类型
UI_FID_MM,2015,C,新密码
UI_FID_USERID,2002,C,客户号
UI_FID_MMGS,2071,C,密码格式
UI_FID_APPID,2030,C,运用ID
UI_FID_XTLXQZ,2025,C,系统类型前缀
UI_FID_ABOSS_JMLX,2121,C,密码加密类型
UI_FID_OLDMM,2017,C,旧密码
UI_FID_ZT,2003,C,账户状态
UI_FID_ZHH,2020,C,
UI_FID_ZHLX,2021,C,
FID_JFLX,60110,C,缴费类型
FID_BFJZH,60112,C,备付金账号
FID_FXFW,2275,C,发行范围
FID_BLRQ,2404,I,办理日期
FID_YHBH,2405,C,银行编号
FID_CYRDM,2407,C,参与人代码
FID_DFZHMC,4085,C,对方账户名称
FID_GJZH,30511,C,归集账户
FID_KSSQH,30512,C,开始申请号
FID_JSSQH,30513,C,结束申请号
FID_YLSH,30517,C,原流水号
FID_QDDM,30519,C,渠道代码
FID_DEHH,30540,C,大额行号
FID_DRLJZRJE,30562,C,当日累计转入金额
FID_DRLJZCJE,30563,C,当日累计转出金额
FID_DYLJZRJE,30566,C,当月累计转入金额
FID_DYLJZCJE,30567,C,当月累计转出金额
FID_DRLJZRBS,30579,C,当日累计转入笔数
FID_DRLJZCBS,30580,C,当日累计转出笔数
FID_DYLJZRBS,30581,C,当月累计转入笔数
FID_DYLJZCBS,30582,C,当月累计转出笔数
FID_JYLXMC,60260,C,交易类型名称
FID_PAY_CODE,507,C,标准返回码
FID_PAY_MESSAGE,508,C,标准返回信息
UI_FID_MESSAGE,508,C,返回信息
UI_FID_CODE,507,C,返回码
FID_PAY_BROWINDEX,763,C,起始历史记录索引值
UI_FID_UIDTYPE,2001,C,认证类型
UI_FID_USERTYPE,2004,C,用户类型
UI_FID_NAME,2005,C,名称
UI_FID_EMAIL,2006,C,电子邮件
UI_FID_NICKNAME,2007,C,用户昵称
UI_FID_ZJH,2008,C,证件号码
UI_FID_ZJLX,2009,C,证件类型
UI_FID_MOBILE,2010,C,移动电话
UI_FID_TEL,2011,C,电话号码
UI_FID_ORGID,2035,C,营业部编码
UI_FID_TIP,2047,C,提示信息
UI_FID_RZFS,2140,C,认证方式
UI_FID_LASTLOGININFO,2142,C,最后登录信息
UI_FID_NODYNAMIC_CODE,2309,C,禁用动态口令
UI_FID_JMFS,2444,C,加密方式
FID_PAY_ZFZH,30502,C,支付账号
FID_PAY_YHBM,30504,C,银行编码
FID_PAY_YHKH,30505,C,银行卡号
FID_PAY_ZJLX,30507,C,证件类型
FID_PAY_JYLX,30509,C,交易类型
FID_PAY_FQF,30510,C,发起方
FID_PAY_FSRQ,30511,C,发生日期
FID_PAY_FSSJ,30512,C,发生时间
FID_PAY_CLJG,30513,C,处理结果
FID_PAY_FZJGBM,30516,C,分支结构编码
FID_PAY_ZHLX,30517,C,账户类型
FID_PAY_TELNO,30518,C,电话号码
FID_PAY_CLSJ,30519,C,处理时间
FID_PAY_YWBM,30520,C,业务编码
FID_PAY_REQMSG,30521,C,请求报文
FID_PAY_RESPMSG,30522,C,应答报文
FID_PAY_REQSURL,30523,C,前端请求地址
FID_PAY_RESPURL,30524,C,后台应答地址
FID_PAY_JYFHM,30525,C,交易返回码
FID_PAY_JYFHMXX,30526,C,交易返回码信息
FID_PAY_RESPHTML,30528,C,应答页面
FID_PAY_IPADDRESS,30529,C,IP地址
FID_PAY_FJXX1,30530,C,附加信息1
FID_PAY_JYDDH,30531,C,交易订单号
FID_PAY_SHJC,30532,C,商户简称
FID_PAY_BZ,30533,C,交易币种
FID_PAY_JYJE,30534,C,交易金额
FID_PAY_ZFJE,30535,C,支付金额
FID_PAY_FJXX2,30536,C,附加信息2
FID_PAY_SLFJYLSH,30537,C,受理方交易流水号
FID_PAY_YSQFJYLSH,30538,C,原申请方交易流水号
FID_PAY_YJYRQ,30539,C,原交易日期
FID_PAY_JYFY,30540,C,交易费用
FID_PAY_PCH,30541,C,批次号
FID_PAY_QSDM,30542,C,券商代码
FID_PAY_ZFFS,30543,C,支付方式
FID_PAY_YJYDDH,30544,C,原交易订单号
FID_PAY_CXJG,30545,C,查询结果
FID_PAY_YQSRQ,30546,C,原清算日期
FID_PAY_YYRQ,30547,C,预约日期
FID_PAY_YYSJ,30548,C,预约时间
FID_PAY_SQFJYLSH,30549,C,申请方交易流水号
FID_PAY_DDZT,30550,C,订单状态
FID_PAY_SPBH,30551,C,商品编号
FID_PAY_TZXX,30552,C,通知信息
FID_PAY_EMAIL,30553,C,电子邮件
FID_PAY_FSBZ,30554,C,发送标志
FID_PAY_YXRQ,30555,C,有效日期
FID_PAY_TZRQ,30556,C,通知日期
FID_PAY_TZSJ,30557,C,通知时间
FID_PAY_QYXYH,30558,C,签约协议号
FID_PAY_LX,30560,C,类型
FID_PAY_SPMC,30561,C,商品名称
FID_PAY_HBLB,30562,C,划拨类别
FID_PAY_FSJE,30563,C,发生金额
FID_PAY_CZLSH,30564,C,冲正流水号
FID_PAY_YJYLX,30565,C,原交易类型
FID_PAY_JMLX,30567,C,加密类型
FID_PAY_JDJE,30568,C,解冻金额
FID_PAY_EN_YWKM,30569,C,业务科目
FID_PAY_QRYZBZ,30570,C,强弱认证标识
FID_PAY_ZKBZ,30571,C,主卡标志
FID_PAY_ZJMM,30572,C,资金密码
FID_PAY_DRCKBZ,30577,C,当日存款标志
FID_PAY_XGPZ,30579,C,相关品种
FID_PAY_XGZH,30580,C,相关账户
FID_PAY_NEWMM,30581,C,新密码
FID_PAY_FLAG,30582,C,标志
FID_PAY_BCZHYE,30583,C,本次账户余额
FID_PAY_FSYYB,30584,C,发生营业部
FID_PAY_OLDMM,30585,C,旧密码
FID_PAY_LCSLH,30586,C,流程实例号
FID_PAY_JGDM,30587,C,机构代码
FID_PAY_DZKHH,30588,C,对账客户号
FID_PAY_DZZJZH,30589,C,对账资金账号
FID_PAY_CLZT,30590,C,处理状态
FID_PAY_CSSJ,30591,C,超时时间
FID_VERIFY_CMD,60001,C,请求类型
FID_VERIFY_PID,60002,C,包序号
FID_VERIFY_RZZH,60003,C,认证账号
FID_VERIFY_YYBID,60004,C,营业部ID
FID_VERIFY_TXMM,60005,C,通讯密码
FID_VERIFY_XTXMM,60006,C,新通讯密码
FID_VERIFY_JYMM,60007,C,交易密码
FID_VERIFY_XJYMM,60008,C,新交易密码
FID_VERIFY_DTKL,60009,C,动态口令
FID_VERIFY_ZSZW,60010,C,证书指纹
FID_VERIFY_XML,60011,C,XML格式
FID_VERIFY_YDBZ,60012,C,应答标志
FID_VERIFY_YDXX,60013,C,应答信息
FID_VERIFY_CPBZ,60014,C,产品标识
FID_VERIFY_LYIP,60015,C,来源IP
FID_VERIFY_LYMAC,60016,C,来源MAC
FID_VERIFY_YJXX,60017,C,硬件信息
FID_VERIFY_TSJY,60018,C,同时校验
FID_VRIFY_RETMSG,60019,C,返回信息
FID_VERIFY_FWQIP,60020,C,服务器IP
FID_VERIFY_FWQDK,60021,C,服务器端口
FID_VERIFY_SJHM,60022,C,手机号码
FID_VERIFY_DXFDXX,60023,C,短信附带信息
FID_VERIFY_ZJHM,60025,C,证件号码
FID_PAY_ZHMC,60026,C,资金账户名称
FID_PAY_DJRQ,60028,C,登记日期
FID_PAY_ZZHBZ,60029,C,主资金账号标志
FID_PAY_ZHZT,60030,C,账号状态
FID_PAY_ZHYE,60031,C,账户余额
FID_PAY_DJJE,60032,C,冻结金额
FID_PAY_QTDJ,60033,C,其他冻结
FID_PAY_TBRQ,60034,C,同步日期
FID_PAY_TBSJ,60035,C,同步时间
FID_PAY_WBKYZJ,60036,C,外部可用资金
FID_PAY_WBKQZJ,60037,C,外部可取资金
FID_PAY_WBZZC,60038,C,外部总资产
FID_PAY_JFZH,60039,C,缴费账号
FID_PAY_JFDWH,60040,C,缴费单位号
FID_PAY_ZDHM,60041,C,账单号码
FID_PAY_ZDQTXX,60042,C,账单其他信息
FID_PAY_ZDCXJYLSH,60043,C,账单查询交易流水号
FID_PAY_ZDCXJYRQ,60044,C,账单查询交易日期
FID_PAY_SFQDJYLSH,60045,C,缴费渠道交易流水号
FID_PAY_ZDXXXX,60046,C,账单详细信息
FID_PAY_ID,60047,C,ID
FID_PAY_DBED,60048,C,单笔额度
FID_PAY_DRED,60049,C,当日额度
FID_PAY_LSED,60050,C,临时额度
FID_PAY_ZYED,60051,C,已用额度
FID_PAY_XGRQ,60052,C,修改日期
FID_PAY_EDLX,60053,C,额度类型
FID_PAY_QYLX,60067,C,签约类型
FID_PAY_QYRQ,60068,C,签约日期
FID_PAY_QYSJ,60069,C,签约时间
FID_PAY_QYXM,60070,C,签约时留存的账户名称
FID_PAY_QYZT,60071,C,签约状态
FID_PAY_QYXX,60072,C,签约信息
FID_PAY_YSJYSXF,60073,C,应收交易手续费
FID_PAY_YFJYSXF,60074,C,应付交易手续费
FID_PAY_QTFY,60075,C,其他费用
FID_PAY_JSJE,60077,C,结算金额
FID_PAY_LY,60078,C,来源
FID_PAY_GDJG,60079,C,勾对结果
FID_PAY_HFJSJE,60080,C,划付结算金额
FID_PAY_ZXJSJE,60081,C,正向结算金额
FID_PAY_NXJSJE,60082,C,逆向结算金额
FID_PAY_CCJSJE,60082,C,差错结算金额
FID_PAY_NXFHJSJE,60084,C,逆向返回结算金额
FID_PAY_ZHJSJE,60085,C,账户类结算金额
FID_PAY_CXBZ,60086,C,撤销标志
FID_PAY_DJLB,60087,C,冻结类别
FID_PAY_DJYE,60088,C,冻结余额
FID_PAY_JYSQH,60090,C,交易申请号
FID_PAY_KHH,60091,C,客户号
FID_PAY_KHQZ,60092,C,客户群组
FID_PAY_KHXM,60093,C,客户姓名
FID_PAY_KYZJ,60094,C,可用资金
FID_PAY_LOGINID,60095,C,登录ID
FID_PAY_NODE,60096,C,操作站点号
FID_PAY_ROWCOUNT,60097,C,记录数
FID_PAY_SORTTYPE,60098,C,排序方式
FID_PAY_YYB,60099,C,营业部ID
FID_PAY_FREEZE_CODE,60101,C,资金池接口调用结果
FID_PAY_XZJSJE,60102,C,销帐结算金额
FID_PAY_TZZT,60103,C,通知状态
FID_PAY_ZJDJLB,60104,C,资金冻结类别
FID_PAY_CXJE,60105,C,冲销金额
FID_PAY_STATE,60107,C,状态信息
FID_PAY_KSSJ,60108,C,开始时间
FID_PAY_JSSJ,60109,C,结束时间
FID_PAY_JFLX,60110,C,缴费类型
FID_PAY_KHQD,60111,C,开户渠道
FID_PAY_KHRQ,60112,C,开户日期
FID_PAY_XHRQ,60113,C,销户日期
FID_PAY_RESPNAME,60114,C,密文串对应的属性名
FID_PAY_YHMC,60116,C,银行名称
FID_PAY_ZRDZTS,60117,C,转入到账天数
FID_PAY_ZCDZTS,60118,C,转出到账天数
FID_PAY_RQKSSJ,60119,C,日切开始时间
FID_PAY_RQJSSJ,60120,C,日切结束时间
FID_PAY_DBZRED,60121,C,单笔转入额度
FID_PAY_DBZCED,60122,C,单笔转出额度
FID_PAY_LJZRED,60123,C,单日转入额度
FID_PAY_LJZCED,60124,C,单日转出额度
FID_PAY_ZRZYED,60125,C,转入占用额度
FID_PAY_CLRQ,60126,C,处理日期
FID_PAY_BDLSH,60127,C,本地流水号
FID_PAY_DZLX,60128,C,对账类型
FID_PAY_YWSQLSH,60129,C,业务申请流水号
FID_PAY_YSJE,60130,C,应收金额
FID_PAY_JSBZ,60131,C,交收标志
FID_PAY_LSH_ZJDJXM,60132,C,资金冻结项目流水号
FID_PAY_JSTS,60133,C,交收天数
FID_PAY_KQZJ,60134,C,可取资金
FID_PAY_FZLX,60135,C,分组类型
FID_PAY_LSH_ZJHBMX,60136,C,资金划拨明细流水号
FID_PAY_HGBZ,60137,C,回滚标志
FID_PAY_RZJG,60138,C,入账结果
FID_PAY_LSH_ZJDJXMMX,60139,C,资金冻结项目明细流水号
FID_PAY_STEP,60140,C,步骤
FID_PAY_YHKHMW,60141,C,银行卡号密文
FID_PAY_QRRZFS,60142,C,允许的认证方式
FID_PAY_DXYZBZ,60143,C,短信验证标志
FID_PAY_BDSX,60144,C,绑定属性
FID_PAY_ZCZYED,60145,C,转出占用额度
FID_PAY_CSMC,60146,C,城市名称
FID_PAY_DBZRED_KS,60147,C,单笔转入额度(快速认证)
FID_PAY_LJZRED_KS,60148,C,单日转入额度(快速认证)
FID_PAY_KHSM,60149,C,开户说明
FID_PAY_DZSM,60150,C,对账说明
FID_PAY_DBZCED_KS,60151,C,单笔转出额度(快速认证)
FID_PAY_LJZCED_KS,60152,C,单日转出额度(快速认证)
FID_PAY_ZDCXJYSJ,60153,C,账单查询交易时间
FID_PAY_KHSM_KS,60154,C,快速认证开户说明
FID_PAY_ZCDZSM,60155,C,转出对账说明
FID_PAY_FKDM,60156,C,风控代码
FID_PAY_FKMC,60157,C,风控名称
FID_PAY_YJFZ,60158,C,预警阀值
FID_PAY_JZFZ,60159,C,禁止阀值
FID_PAY_YJXXMB,60160,C,预警报警信息模板
FID_PAY_JZXXMB,60161,C,禁止报警信息模板
FID_PAY_MEMSIZE,60162,C,内存数据大小
FID_PAY_MEMHEAD,60163,C,内存表头
FID_PAY_SQL,60164,C,SQL语句
FID_PAY_BJRQ,60165,C,报警日期
FID_PAY_BJSJ,60166,C,报警时间
FID_PAY_BJJB,60167,C,报警级别
FID_PAY_BJXX,60168,C,报警信息
FID_PAY_WJSZJ,60169,C,未交收资金
FID_PAY_JDBM,60170,C,节点编码
FID_PAY_CSDM,60171,C,参数代码
FID_PAY_CSNAME,60172,C,参数名称
FID_PAY_CSZ,60173,C,参数值
FID_PAY_CSJB,60174,C,参数级别
FID_PAY_JSDM,60175,C,结算代码
FID_PAY_BDRQ,60176,C,绑定日期
FID_PAY_CSQZSM,60177,C,参数取值说明
FID_PAY_STAMP,60178,C,参数戳
FID_PAY_ZJFX,60179,C,资金方向
FID_PAY_JYLXMC,60180,C,交易类型名称
FID_PAY_NEWFLAG,60181,C,新标识
FID_PAY_CSSM,60182,C,参数说明
FID_PAY_CSQZFW,60183,C,参数取值范围
FID_PAY_SZSM,60184,C,设置说明
FID_PAY_XGGY,60185,C,修改柜员
FID_PAY_START_INDEX,60186,C,开始序号
FID_PAY_STOP_INDEX,60187,C,结束序号
FID_PAY_ZRDZTS_YH,60188,C,转入到账天数（银行）
FID_PAY_ZCDZTS_YH,60199,C,转出到账天数（银行）
FID_PAY_START_DATE,60210,C,开始日期
FID_PAY_STOP_DATE,60221,C,结束日期
FID_PAY_FZJGMC,60222,C,分支机构名称
FID_PAY_OP_BRANCHNO,60223,C,操作分支机构
FID_PAY_OP_ENTRUSTWAY,60224,C,委托方式
FID_PAY_OP_STATION,60225,C,站点地址
FID_PAY_XB,60226,C,性别
FID_PAY_JYMM,60227,C,交易密码
FID_PAY_SFLB,60228,C,身份类别
FID_PAY_USERTOKEN,60229,C,用户口令
FID_PAY_QYFS,60230,C,签约方式
FID_PAY_YWLX,60231,C,业务类型
FID_PAY_ADDRESS,60232,C,联系地址
FID_PAY_MONEY_TYPE,60233,C,币种类别
FID_PAY_GLYWLX,60234,C,关联业务类型
FID_PAY_XZLSH,60235,C,协作流水号
FID_PAY_ZJMS,60236,C,资金模式
FID_PAY_RIGHT,60237,C,权限标识
FID_PAY_MM,60238,C,密码
FID_PAY_TYPE,60239,C,机构类型
FID_PAY_QTBZ,60240,C,其他币种
FID_PAY_STATUS,60241,C,状态
FID_PAY_INFO,60242,C,日志信息
FID_PAY_ALL_ROWS,60243,C,总记录数
FID_PAY_YS,60244,C,事件耗时(秒)
FID_PAY_SF,60245,C,省份
FID_PAY_YT,60246,C,用途
FID_PAY_FKBZ,60247,C,付款标志
FID_PAY_KYXQ,60248,C,卡有效期
FID_PAY_CVV2,60249,C,CVV2
FID_PAY_HL,60250,C,汇路
FID_PAY_KHHLHH,60251,C,开户行联行号
FID_PAY_ZHLB,60252,C,账号类别
FID_PAY_WTH,60253,C,委托号
FID_PAY_FWXM,60254,C,服务项目
FID_PAY_QXLX,60255,C,取现类型
FID_PAY_WTLSH,60256,C,委托流水号
FID_PAY_BFJZH,60257,C,备付金账号
FID_PAY_QRBZ,60258,C,确认标志
FID_PAY_QDDM,60261,C,渠道代码